Date,Link
6/14/2022 8:58,https://nhadatvui.vn/ban-dat-phuong-minh-thanh-thi-xa-chon-thanh/la-nha-dau-tu-thong-minh-dung-bo-lo-cuo-hoi-hap-dan-nay1655171905
6/14/2022 8:53,https://nhadatvui.vn/ban-dat-xa-bac-son-huyen-trang-bom/ban-dat-tho-cu-trang-bom-dong-nai-gan-kcn-song-may1655171623
6/14/2022 8:37,https://nhadatvui.vn/ban-dat-thi-tran-lai-uyen-huyen-bau-bang/ban-dat-trong-long-kcn-becamex-bau-bang-1655170620
6/14/2022 8:25,https://nhadatvui.vn/ban-dat-thi-tran-cho-chua-huyen-nghia-hanh/dat-nen-trung-tam-thi-tran-cho-chua-thanh-pho-quang-ngai1655169913
6/14/2022 8:23,https://nhadatvui.vn/ban-dat-phuong-phu-my-thi-xa-phu-my/ban-5-lo-ngay-mat-tien-duong-quoc-lo-51-trung-tam-thi-xa-phu-my1655169792
6/14/2022 8:23,https://nhadatvui.vn/ban-dat-xa-duc-lap-thuong-huyen-duc-hoa/no-do-banh-chu-ban-nhanh-nen-100m2-750tr1655169787
6/14/2022 8:21,https://nhadatvui.vn/ban-dat-phuong-hoa-hiep-nam-quan-lien-chieu/can-ban-lo-dat-nen-thuoc-du-an-dragon-city-park-dien-tich-120m2-gia-re-nhat-thi-truong-chi-25trieu-m2-1655169708
6/14/2022 8:18,https://nhadatvui.vn/ban-dat-phuong-phu-my-thi-xa-phu-my/ban-4-lo-dat-re-tai-trung-tam-thi-xa-phu-my-1655169499
6/13/2022 20:37,https://nhadatvui.vn/ban-dat-xa-yen-bai-huyen-ba-vi/chinh-chu-e-can-cat-lo-ban-570-m-tai-dinh-cu-ven-ho-dong-mo-yen-bai-ba-vi-gia-re-1655127442
6/13/2022 17:09,https://nhadatvui.vn/ban-dat-xa-da-pal-huyen-da-teh/chinh-chu-can-tien-ban-gap-dat-dep-gia-re1655114942
6/13/2022 17:08,https://nhadatvui.vn/ban-dat-xa-loc-thinh-huyen-loc-ninh/ban-gap-lo-dat-tho-cu-450tr-shr-mat-tien-duong-nhua-qh24m-sat-quoc-lo-131655114933
6/13/2022 17:04,https://nhadatvui.vn/ban-dat-phuong-linh-dong-tp-thu-duc/hang-dau-tu-nha-nat-99m2-5x20-chuan-dep-hxh-ne-nhau-gan-ubnd-phuong-linh-dong-gia-chi-65tr-m21655114642
6/13/2022 17:01,https://nhadatvui.vn/ban-dat-phuong-linh-dong-tp-thu-duc/chi-81tr-m2-mat-tien-sieu-hiem-sat-vanh-dai-2-linh-dong-dt-5x19-chuan-dep-tiem-nang-sinh-loi-cao1655114498
6/13/2022 16:56,https://nhadatvui.vn/ban-dat-phuong-truong-tho-tp-thu-duc/giam-600tr-ban-nhanh-lo-dat-duong-12-truong-tho-ke-cc-chuong-duong-gia-chi-73tr-m21655114201
6/13/2022 16:55,https://nhadatvui.vn/ban-dat-xa-tien-thuan-huyen-ben-cau/chi-can-688tr-co-ngay-lo-dat-doi-dien-coopmart1655114133
6/13/2022 16:50,https://nhadatvui.vn/ban-dat-xa-minh-hoa-huyen-dau-tieng/xinh-chao-cac-ban-minh-co-mot-lo-dat-moi-bung-rat-thich-hop-de-dau-tu-1655113834
6/13/2022 16:48,https://nhadatvui.vn/ban-dat-xa-tien-thuan-huyen-ben-cau/dat-nam-ngay-ql22-gia-dat-chi-co-300tr-chot-lien-nhe1655113736
6/13/2022 16:34,https://nhadatvui.vn/ban-dat-xa-tien-thuan-huyen-ben-cau/dat-nen-gia-niem-yet-chi-voi-650tr-co-ngay-lo-dat1655112867
6/13/2022 16:26,https://nhadatvui.vn/ban-dat-phuong-truong-tho-tp-thu-duc/dat-sat-cho-thu-duc-ho-van-tu-truong-tho-dt-229m2-ngang-7-26m-no-hau-7-41655112380
6/13/2022 16:21,https://nhadatvui.vn/ban-dat-xa-duc-minh-huyen-mo-duc/ban-dat-ven-bien-mo-duc-mat-tien-duong-dt-624c-cach-bien-chi-300m1655112103
6/13/2022 16:11,https://nhadatvui.vn/ban-dat-xa-y-ty-huyen-bat-xat/y-ty-sapa2-don-song-quy-hoach-cao-toc-san-bay1655111477
6/13/2022 16:09,https://nhadatvui.vn/ban-dat-phuong-truong-tho-tp-thu-duc/giam-500tr-ban-nhanh-lo-goc-kdc-apec-duong-9-truong-tho-gan-cho-thu-duc-gia-tot-nhat-khu-vuc1655111365
6/13/2022 16:07,https://nhadatvui.vn/ban-dat-xa-xuan-tay-huyen-cam-my/dat-dau-tu-tiem-nang-gia-re-xem-ngay-dat-tai-xuan-tay-cam-my1655111243
6/13/2022 15:48,https://nhadatvui.vn/ban-dat-xa-ea-drong-thi-xa-buon-ho/-ban-lo-dat-7-9-sao-o-eadrong-vi-tri-doi-dien-kcn-phu-xuan-tuong-lai-1655110111
6/13/2022 15:46,https://nhadatvui.vn/ban-dat-thi-tran-lien-nghia-huyen-duc-trong/ban-dat-kp12-thi-tran-lien-nghia-duc-trong-gan-cay-xang-lien-nghia-viettel-post1655110017
6/13/2022 15:10,https://nhadatvui.vn/ban-dat-phuong-linh-dong-tp-thu-duc/duy-nhat-1-lo-5x15-chuan-dep-vi-tri-vang-hxh-8m-thong-linh-dong-gan-pham-van-dong-gia-6-ty-nhin1655107855
6/13/2022 15:07,https://nhadatvui.vn/ban-dat-xa-my-ha-huyen-lang-giang/ban-dat-nen-my-ha-lang-giang-bac-giang1655107643
6/13/2022 15:05,https://nhadatvui.vn/ban-dat-phuong-hiep-hoa-tp-bien-hoa/ban-dat-hiep-hoa-gia-26trieu-mo-met-tho-cu-full-dat-xay-dung-tu-do1655107503
6/13/2022 14:52,https://nhadatvui.vn/ban-dat-xa-minh-thanh-huyen-dau-tieng/chinh-chu-gui-em-ban-lo-xa-minh-thanh-huyen-dau-tieng-dt-10x37-100-tc1655106748
6/13/2022 14:52,https://nhadatvui.vn/ban-dat-xa-xuan-my-huyen-cam-my/mua-dat-cam-my-la-loi-bac-ty-1117m2-chi-co-1-ty1655106742
6/13/2022 14:29,https://nhadatvui.vn/ban-dat-phuong-phu-thuong-huyen-phu-vang/hang-hiem_gia-re-bat-ngo_lo-goc-thon-ngoc-anh-gia-2xtr-lh-0352_434_4361655105393
6/13/2022 14:27,https://nhadatvui.vn/ban-dat-phuong-hoa-hiep-nam-quan-lien-chieu/quy-dat-nen-hiem-hoi-con-sot-lai-tai-tp-da-nang-1655105225
6/13/2022 14:16,https://nhadatvui.vn/ban-dat-phuong-an-phu-tp-thuan-an/ban-97-5m2-5-5x17-5-kdc-phu-hong-thinh-2-an-phu-thuan-an-gia-2-4x-ty1655104603
6/13/2022 14:13,https://nhadatvui.vn/ban-dat-xa-loc-thanh-tp-bao-loc/ban-dat-o-bao-loc-gan-cao-toc-lien-khuong-gia-chi-2-5tr-m21655104429
6/13/2022 14:11,https://nhadatvui.vn/ban-dat-xa-nhan-co-huyen-dak-r-lap/ban-dat-tho-cu-sau-ngan-hang-agribank-nhan-co1655104312
6/13/2022 13:55,https://nhadatvui.vn/ban-dat-xa-tan-hiep-huyen-long-thanh/dat-dan-2-mat-tien-1050m2-gan-san-bay-long-thanh-chi-3-9-ty1655103352
6/13/2022 12:59,https://nhadatvui.vn/ban-dat-phuong-vo-cuong-tp-bac-ninh/ban-nhanh-lo-dat-hoa-dinh-vo-cuong-bac-ninh1655099946
6/13/2022 12:00,https://nhadatvui.vn/ban-dat-xa-loc-an-huyen-dat-do/chi-voi-2ti1-so-huu-ngay-manh-dat-vuon-hon-200m2-gan-bien-loc-an-brvt-1655096427
6/13/2022 11:30,https://nhadatvui.vn/ban-dat-xa-giang-son-huyen-gia-binh/chinh-chu-can-tien-ban-gap-lo-dat-o-boi-giang-son-gia-binh-bac-ninh1655094635
6/13/2022 11:24,https://nhadatvui.vn/ban-dat-phuong-van-duong-tp-bac-ninh/chinh-chu-can-tien-ban-lo-goc-lam-trai-van-duong-bac-ninh1655094290
6/13/2022 11:08,https://nhadatvui.vn/ban-dat-xa-y-ty-huyen-bat-xat/y-ty-sapa2-quy-hoach-phat-trien-khu-do-thi-vung-ven-bien-gioi1655093286
6/13/2022 11:00,https://nhadatvui.vn/ban-dat-phuong-phu-thuong-huyen-phu-vang/-sockk-ban-dat-xom-3-ngoc-anh-gia-chi-3-x-ty-x-cuc-be-lien-he-090_582_-6448-ms-hieu1655092849
6/13/2022 10:56,https://nhadatvui.vn/ban-dat-xa-lien-hiep-huyen-duc-trong/can-ban-nhanh-gan-cong-chinh-truong-nghia-hiep-lien-hiep-duc-trong-lam-dong1655092578
6/13/2022 10:27,https://nhadatvui.vn/ban-dat-phuong-dong-hoa-tp-di-an/ban-lo-dat-khu-dan-cu-nho-xinh-ke-lang-dai-hoc1655090844
6/13/2022 10:11,https://nhadatvui.vn/ban-dat-phuong-hoa-xuan-quan-cam-le/ban-gap-lo-dat-hoa-xuan-da-nang-chinh-chu-co-so-hong1655089913
6/13/2022 10:10,https://nhadatvui.vn/ban-dat-phuong-phu-hoi-tp-hue/-hang-hiem-dat-kiet-119-hung-vuong-thanh-pho-hue-gia-chi-2x-m2-lh-090_582_64481655089845
6/13/2022 9:53,https://nhadatvui.vn/ban-dat-xa-dai-hiep-huyen-dai-loc/dat-nen-ven-song-yen-gia-re-nhanh-tay-lien-he-1655088802
6/13/2022 9:32,https://nhadatvui.vn/ban-dat-phuong-hoa-quy-quan-ngu-hanh-son/ban-lo-dat-hoa-quy-da-nang-gia-cuc-re1655087559
6/13/2022 9:30,https://nhadatvui.vn/ban-dat-xa-dien-tien-thi-xa-dien-ban/ban-dat-khu-moi-chau-son-dien-tien-tx-dien-ban-gia-708tr-lo-so-san-1655087459
6/13/2022 9:24,https://nhadatvui.vn/ban-dat-xa-huong-mac-thi-xa-tu-son/-chinh-chu-ban-dat-tp-tu-son-chi-1xtr-m-1655087059
6/13/2022 9:14,https://nhadatvui.vn/ban-dat-xa-cha-val-huyen-nam-giang/duy-nhat-14-lo-cho-cha-val-nam-giang-quang-nam-cam-ket-mua-lai-10-nam1655086444
6/13/2022 9:01,https://nhadatvui.vn/ban-dat-xa-dien-hong-thi-xa-dien-ban/dat-nen-ven-song-yen-gia-re-nhanh-tay-lien-he-1655085678
6/13/2022 8:51,https://nhadatvui.vn/ban-dat-thi-tran-lien-nghia-huyen-duc-trong/ban-4-lo-dat-cach-san-bay-lien-khuong-500m-cao-ba-quat-lien-nghia-duc-trong-lam-dong1655085094
6/13/2022 8:51,https://nhadatvui.vn/ban-dat-xa-chau-pha-thi-xa-phu-my/ban-nhanh-9-lo-dat-nen-tai-cao-toc-bien-hoa-dong-nai1655085093
6/12/2022 21:05,https://nhadatvui.vn/ban-dat-phuong-linh-xuan-tp-thu-duc/dat-gan-truong-hoc-dao-son-tay-dt-84-3m2-hxh-ngang-5m-gia-duoi-5-ty1655042754
6/12/2022 18:13,https://nhadatvui.vn/ban-dat-xa-yen-trung-huyen-thach-that/ban-dat-co-ao-rong-tai-yen-trung-thach-that1655032430
6/12/2022 15:00,https://nhadatvui.vn/ban-dat-thi-tran-duong-minh-chau-huyen-duong-minh-chau/ban-lo-dat-ngay-khu-trung-tam-cha-la-tay-ninh1655020848
6/12/2022 14:48,https://nhadatvui.vn/ban-dat-phuong-thoi-hoa-thi-xa-ben-cat/can-ban-mieng-dat-tho-cu-150m2-gia-tot-cho-nguoi-dau-tu1655020083
6/12/2022 13:59,https://nhadatvui.vn/ban-dat-phuong-thoi-hoa-thi-xa-ben-cat/ban-lo-dat-my-phuoc-3-gan-truong-hoc-cong-vien1655017171
6/12/2022 12:51,https://nhadatvui.vn/ban-dat-phuong-linh-dong-tp-thu-duc/dat-linh-dong-dt-chuan-dep-hxh-5m-ngay-truong-cd-vinatech-gia-chi-73tr-m21655013117
6/12/2022 11:16,https://nhadatvui.vn/ban-dat-xa-long-khanh-huyen-ben-cau/ban-dat-tay-ninh-gia-re-so-hong-rieng-225m21655007360
6/11/2022 18:57,https://nhadatvui.vn/ban-dat-xa-xuan-tay-huyen-cam-my/dat-tai-xa-xuan-tay-cam-my-van-dang-thu-hut-nha-dau-tu-vi-gia-qua-re-1654948646
6/11/2022 17:24,https://nhadatvui.vn/ban-dat-xa-phuoc-dong-huyen-go-dau/ban-lo-dat-ngay-trung-tam-kcn-lon-phuoc-dong1654943092
6/11/2022 16:12,https://nhadatvui.vn/ban-dat-xa-phuoc-ninh-huyen-duong-minh-chau/can-ra-lo-dat-ngay-ubx-phuoc-ninh-sau-truong-hoc-phuoc-ninh1654938722
6/11/2022 15:41,https://nhadatvui.vn/ban-dat-phuong-khanh-binh-thi-xa-tan-uyen/ban-dat-tan-uyen-binh-duong-tho-cu-100-so-hong-rieng1654936868
6/11/2022 15:37,https://nhadatvui.vn/ban-dat-phuong-linh-dong-tp-thu-duc/chu-ngop-giam-150-trieu-dat-dt-dep-duong-thong-5m-gan-vanh-dai-2-linh-dong-kdc-dong-bo1654936628
6/11/2022 15:34,https://nhadatvui.vn/ban-dat-phuong-chanh-phu-hoa-thi-xa-ben-cat/15-nen-dat-ben-cat-chanh-phu-hoa-dung-1ty2-350m2-f0-dam-bao-dau-ra-cho-nha-dau-tu-so-hong-san-1654936440
6/11/2022 15:30,https://nhadatvui.vn/ban-dat-xa-tan-phu-trung-huyen-cu-chi/can-ban-gap-lo-dat-2-mat-tien-duong-cay-da-xa-tan-phu-trung-huyen-cu-chi1654936207
6/11/2022 15:17,https://nhadatvui.vn/ban-dat-xa-minh-hoa-huyen-dau-tieng/chinh-chu-gui-em-ban-lo-dat-xa-minh-hoa-dt-8-5x24x100tc-gia-chi-960tr1654935437
6/11/2022 14:53,https://nhadatvui.vn/ban-dat-xa-minh-thang-thi-xa-chon-thanh/dat-nen-binh-phuoc-uy-tin-chat-luong-gia-re1654933997
6/11/2022 14:36,https://nhadatvui.vn/ban-dat-phuong-tam-quan-thi-xa-hoai-nhon/chinh-chu-can-ban-gap-lo-dat-nen-tai-tam-quan-hoai-nhon1654932968
6/11/2022 14:24,https://nhadatvui.vn/ban-dat-phuong-linh-dong-tp-thu-duc/dat-mat-tien-sieu-hiem-sat-vanh-dai-2-linh-dong-dt-5x19-chuan-dep-tiem-nang-sinh-loi-cao-gia-tot1654932296
6/11/2022 14:15,https://nhadatvui.vn/ban-dat-xa-bau-ham-2-huyen-thong-nhat/dat-nen-thong-nhat-dau-giay-chi-3-25tr-m21654931700
6/11/2022 14:13,https://nhadatvui.vn/ban-dat-xa-nhi-binh-huyen-hoc-mon/duy-nhat-con-dung-1-lo-mat-tien-duong-bui-cong-trung-xa-nhi-binh-huyen-hoc-mon1654931591
6/11/2022 14:12,https://nhadatvui.vn/ban-dat-phuong-tam-quan-thi-xa-hoai-nhon/can-ban-nhanh-lo-dat-nen-tai-tam-quan-hoai-nhon1654931569
6/11/2022 14:10,https://nhadatvui.vn/ban-dat-phuong-chanh-phu-hoa-thi-xa-ben-cat/ban-lai-lo-dat-210m2-ngay-khu-dan-cu-mat-tien-duong-ql14-gia-970trieu1654931438
6/11/2022 14:06,https://nhadatvui.vn/ban-dat-xa-minh-lap-thi-xa-chon-thanh/can-ra-nhanh-lo-dat-minh-lap-250m2-co-tho-cu-shr-gan-kcn1654931189
6/11/2022 14:00,https://nhadatvui.vn/ban-dat-xa-vinh-loc-a-huyen-binh-chanh/em-can-ban-gap-ban-nhanh-mieng-dat-chinh-chu-gia-yeu-thuong-4x14-vinh-loc-a-binh-chanh-1654930836
6/11/2022 13:52,https://nhadatvui.vn/ban-dat-xa-an-nhon-tay-huyen-cu-chi/ban-lo-dat-tho-cu-mat-tien-duong-ben-dinh-xa-an-nhon-tay-huyen-cu-chi1654930357
6/11/2022 13:45,https://nhadatvui.vn/ban-dat-xa-tien-thuan-huyen-ben-cau/chi-can-575tr-co-ngay-lo-dat-ke-ben-khu-cong-nghiep-thanh-cong1654929952
6/11/2022 13:45,https://nhadatvui.vn/ban-dat-xa-pham-van-coi-huyen-cu-chi/thanh-ly-gap-lo-dat-mat-tien-duong-bui-thi-diet-xa-pham-van-coi-huyen-cu-chi1654929907
6/11/2022 13:41,https://nhadatvui.vn/ban-dat-xa-nhuan-duc-huyen-cu-chi/can-tien-lam-an-nen-can-ban-gap-lo-dat-o-duong-nguyen-thi-ranh-xa-nhuan-duc1654929712
6/11/2022 11:49,https://nhadatvui.vn/ban-dat-xa-da-phuoc-huyen-binh-chanh/dat-dep-khoi-che-duong-thong-xe-hoi-7-cho-ngay-vong-xoay-tan-kim-gia-1-ty-350-trieu1654922998
6/11/2022 11:29,https://nhadatvui.vn/ban-dat-xa-phieng-luong-huyen-moc-chau/don-song-cau-cao-toc-ban-gap-manh-dat-gia-cuc-re-mat-duong-moc-chau-chi-tu-500k-m1654921754
6/11/2022 11:23,https://nhadatvui.vn/ban-dat-xa-xuan-tay-huyen-cam-my/-minh-can-ban-ngay-10-lo-dat-ngop-tai-xuan-tay-cam-my-1654921416
6/11/2022 11:00,https://nhadatvui.vn/ban-dat-phuong-truong-tho-tp-thu-duc/dat-so-hong-rieng-mat-tien-cu-xa-dien-luc-hxh-5m-ngang-4-77m-truong-tho1654920045
6/11/2022 10:57,https://nhadatvui.vn/ban-dat-phuong-thoi-hoa-thi-xa-ben-cat/chu-ban-lo-dat-gan-cho-trong-kdc-my-phuoc-31654919879
6/11/2022 10:29,https://nhadatvui.vn/ban-dat-xa-tan-hiep-huyen-long-thanh/lo-goc-dat-phu-hong-1050m2-chi-3-9-ty-cach-san-bay-long-thanh-5km1654918198
6/11/2022 10:27,https://nhadatvui.vn/ban-dat-thi-tran-tan-nghia-huyen-ham-tan/chuyen-nhuong-quyen-su-dung-dat-mat-tien-ql1a-thi-tran-tan-nghia-ham-tan-bao-dep-hap-dan-gia-re1654918031
6/11/2022 10:21,https://nhadatvui.vn/ban-dat-thi-tran-tan-nghia-huyen-ham-tan/ban-nguyen-qua-doi-thi-tran-tan-nghia-huyen-ham-tan-tinh-binh-thuan1654917674
6/11/2022 10:17,https://nhadatvui.vn/ban-dat-xa-hong-thai-huyen-bac-binh/can-ban-gap-lo-dat-bien-binh-thuan-gia-hat-de1654917426
6/11/2022 9:58,https://nhadatvui.vn/ban-dat-phuong-linh-xuan-tp-thu-duc/sot-lo-dat-dep-104-4m2-ngang-4-5-khong-lo-gioi-duong-xe-tai-ngay-cho-xuan-hiep-linh-xuan-chi-43tr-m21654916301
6/11/2022 9:58,https://nhadatvui.vn/ban-dat-xa-song-xoai-thi-xa-phu-my/can-ban-gap-3-lo-con-lai-tai-song-xoai-phu-my1654916287
6/11/2022 9:55,https://nhadatvui.vn/ban-dat-phuong-phu-my-thi-xa-phu-my/can-ban-gap-3-lo-ngay-trung-tam-thi-xa-phu-my-sat-quoc-lo-511654916147
6/11/2022 9:47,https://nhadatvui.vn/ban-dat-xa-nhuan-duc-huyen-cu-chi/can-tien-ban-dat-nhuan-duc-cu-chi-960tr-125m21654915648
6/11/2022 9:44,https://nhadatvui.vn/ban-dat-xa-bau-don-huyen-go-dau/can-ban-gap-lo-dat-nam-trung-tam-bau-don1654915499
6/11/2022 9:36,https://nhadatvui.vn/ban-dat-xa-binh-thanh-huyen-duc-trong/ban-nha-cap-4-thanh-binh-binh-thanh-duc-trong-gan-nha-tho-thanh-binh1654915017
6/11/2022 9:34,https://nhadatvui.vn/ban-dat-phuong-thuong-thanh-quan-cai-rang/dat-nen-cap-rach-ong-tiem-cach-duong-truong-vinh-nguyen-400m-mat-song-o-to-di-vo-tan-noi1654914876
6/11/2022 9:30,https://nhadatvui.vn/ban-dat-phuong-truong-tho-tp-thu-duc/duy-nhat-1-lo-dat-75m2-5x15-hxh-6m-thong-huong-di-nga-tu-binh-thai-truong-tho1654914610
6/11/2022 9:27,https://nhadatvui.vn/ban-dat-xa-tien-xuan-huyen-thach-that/ban-dat-gan-xanh-villas-mat-tien-10m-cach-dhqg-2km-1654914435
6/11/2022 9:27,https://nhadatvui.vn/ban-dat-phuong-tan-an-tp-thu-dau-mot/dat-gan-truong-hoc-mat-tien-dx132-so-rieng1654914432
6/11/2022 9:22,https://nhadatvui.vn/ban-dat-xa-tu-tra-huyen-don-duong/dalat-pearl-bau-vat-cua-tao-hoa-dac-gia-cho-dau-tu1654914141
6/11/2022 9:06,https://nhadatvui.vn/ban-dat-xa-thai-my-huyen-cu-chi/dat-tho-cu-cu-chi-110m2-gia-re-chi-1ty-0551654913173
6/11/2022 9:03,https://nhadatvui.vn/ban-dat-xa-phu-my-huyen-phu-vang/ban-dat-xay-dung-tu-do-khu-d-hue-green-city-sach-se-khong-cong-tru1654913012
6/11/2022 9:00,https://nhadatvui.vn/ban-dat-phuong-truong-tho-tp-thu-duc/giam-200-trieu-dat-gan-chung-cu-metroback-truong-tho-hxh-4-5m-gia-5-3-ty1654912826
6/11/2022 8:59,https://nhadatvui.vn/ban-dat-xa-quang-minh-thi-xa-chon-thanh/e-can-ra-lo-dat-chon-thanh-5x50-co-100m2-tho-cu-so-hong-co-san1654912745
6/11/2022 8:42,https://nhadatvui.vn/ban-dat-xa-quang-minh-thi-xa-chon-thanh/dat-chinh-chu-binh-phuoc-gia-f0-so-hong-san-230-5x46x100tc-gia-re-khu-vuc-dau-tu-sinh-loi1654911762
6/11/2022 8:37,https://nhadatvui.vn/ban-dat-xa-bau-don-huyen-go-dau/chinh-chu-can-ban-lo-dat-tho-cu-5x25-go-dau-tay-ninh-doi-dien-kcn-phuoc-dong1654911470
6/11/2022 8:32,https://nhadatvui.vn/ban-dat-xa-duc-hoa-dong-huyen-duc-hoa/dragon-pearl-dat-nen-du-an-kdt-thuong-mai-tai-long-an-duc-hoa-len-thanh-pho-long-an-duoc-loi-gi-1654911136
6/11/2022 8:31,https://nhadatvui.vn/ban-dat-xa-huu-thanh-huyen-duc-hoa/chinh-chu-can-sang-lai-100m2-nhua-16m-gia-950tr1654911089
6/11/2022 8:27,https://nhadatvui.vn/ban-dat-thi-tran-dak-ha-huyen-dak-ha/can-ban-gap-lo-dat-mat-tien-tren-duong-quoc-lo1654910871
6/10/2022 21:51,https://nhadatvui.vn/ban-dat-phuong-linh-trung-tp-thu-duc/dat-gan-nh-huong-bien-duong-7-linh-trung-hxh-4m-dt-71m2-gia-5-ty-nhin1654872708
6/10/2022 21:43,https://nhadatvui.vn/ban-dat-phuong-linh-xuan-tp-thu-duc/ban-dat-duong-xe-tai-tang-16-phong-tro-dang-cho-thue-thu-nhap-on-dinh1654872182
6/10/2022 17:09,https://nhadatvui.vn/ban-dat-thi-tran-thu-thua-huyen-thu-thua/-garden-riverside-vien-ngoc-sang-giua-long-do-thi-1654855743
6/10/2022 16:58,https://nhadatvui.vn/ban-dat-xa-y-ty-huyen-bat-xat/chinh-chu-so-do-sang-ten-dat-nen-mat-tien-10m-so-huu-ngay1654855113
6/10/2022 16:47,https://nhadatvui.vn/ban-dat-xa-y-ty-huyen-bat-xat/dat-nen-y-ty-sapa2-gia-re-co-hoi-vang-cho-nha-dau-tu-don-song-san-bay1654854425
6/10/2022 16:45,https://nhadatvui.vn/ban-dat-xa-ha-bang-huyen-thach-that/ban-dat-nen-phan-lo-95m2-lang-hoa-lac-chinh-chu-xa-ha-bang-huyen-thach-that-ha-noi1654854316
6/10/2022 16:29,https://nhadatvui.vn/ban-dat-xa-phuoc-vinh-huyen-chau-thanh-tay-ninh/dat-chau-thanh-tay-ninh-gia-re-mat-tien-nhua-qh-30m-100-tho-cu1654853374
6/10/2022 16:22,https://nhadatvui.vn/ban-dat-xa-pham-van-hai-huyen-binh-chanh/dat-mat-tien-duong-thanh-nien-full-tho-cu-gan-cho-truong-thcs-pham-van-hai-ubnd-xa-pham-van-hai-1654852970
6/10/2022 16:12,https://nhadatvui.vn/ban-dat-xa-pham-van-hai-huyen-binh-chanh/co-2-gui-ban-lo-dat-duong-thanh-nien-co-thuong-luong-so-hong-rieng-th1654852352
6/10/2022 16:12,https://nhadatvui.vn/ban-dat-xa-pham-van-hai-huyen-binh-chanh/co-2-gui-ban-lo-dat-duong-thanh-nien-co-thuong-luong-so-hong-rieng-th1654852352
6/10/2022 15:52,https://nhadatvui.vn/ban-dat-xa-pham-van-hai-huyen-binh-chanh/dat-binh-chanh-so-hong-rieng-130m2-tho-cu-xay-dung-tu-do-gan-cho-bach-hoa-xanh-1654851134
6/10/2022 15:39,https://nhadatvui.vn/ban-dat-phuong-thuy-phuong-thi-xa-huong-thuy/-chuyen-nhuong-lo-dat-kiet-15-ton-that-son-gia-1-x-ty-lh-090_582_64481654850378
6/10/2022 15:06,https://nhadatvui.vn/ban-dat-xa-phu-cat-huyen-quoc-oai/ban-dat-cong-nghe-cao-hoa-lac-110m2-full-tho-cu-gia-chi-1-x-ty1654848372
6/10/2022 15:02,https://nhadatvui.vn/ban-dat-xa-loc-thinh-huyen-loc-ninh/dat-loc-ninh-chinh-chu-can-ban-lo-goc-275m2-5x55-so-hong-san-mat-tien-duong-nhua1654848155
6/10/2022 14:48,https://nhadatvui.vn/ban-dat-phuong-6-tp-da-lat/ban-nha-duong-kim-dong-phuong-6-da-lat1654847299
6/10/2022 14:17,https://nhadatvui.vn/ban-dat-xa-tan-loi-huyen-dong-phu/chu-ngop-gui-ban-gap-lo-dat-1000m2-ap-quan-y-tan-loi-gan-kcn-bac-dong-phu1654845468
6/10/2022 14:15,https://nhadatvui.vn/ban-dat-xa-dray-bhang-huyen-cu-kuin/lo-dat-tien-nang-cho-nha-dau-tu-gia-mem-nhat-khu-vuc-ea-h-ning1654845338
6/10/2022 14:13,https://nhadatvui.vn/ban-dat-phuong-ninh-giang-thi-xa-ninh-hoa/ban-lo-dat-phuong-vuong-van-sieu-dep-gia-re-tai-khu-vuc-ninh-giang-t-x-ninh-hoa-tinh-khanh-hoa-sdt1654845238
6/10/2022 14:01,https://nhadatvui.vn/ban-dat-phuong-my-dong-tp-phan-rang-thap-cham/chu-ket-tien-can-ban-lo-dat-tai-phuong-my-dong1654844492
6/10/2022 13:56,https://nhadatvui.vn/nha-dat/dat-nen-tho-cu-so-hong-rieng-ngan-hang-ho-tro-50-gia-tri-lo-dat-1654844198
6/10/2022 13:48,https://nhadatvui.vn/ban-dat-xa-long-phuoc-tp-ba-ria/ban-nhanh-dat-xa-long-phuoc-ba-ria-vung-tau-gia-dau-tu1654843715
6/10/2022 13:37,https://nhadatvui.vn/ban-dat-xa-phuoc-thanh-huyen-cu-chi/chinh-chu-can-ban-gap-1-lo-dat-nen-mat-tien-duong-16m1654843054
6/10/2022 12:47,https://nhadatvui.vn/ban-dat-phuong-ninh-giang-thi-xa-ninh-hoa/hot-ban-dat-tang-nha-cap-4-sieu-xin-gia-re-kv-ninh-giang-t-x-ninh-hoa-tinh-khanh-hoa1654840062
6/10/2022 11:56,https://nhadatvui.vn/ban-dat-thi-tran-go-dau-huyen-go-dau/dat-nha-can-ban-mat-tien-quoc-lo-22-gan-trung-tam-gan-khu-cong-nghiep1654836992
6/10/2022 11:45,https://nhadatvui.vn/ban-dat-thi-tran-ben-cau-huyen-ben-cau/tin-sot-deo-dat-vang-trao-tay-nhan-ngay-uu-dai1654836355
6/10/2022 11:45,https://nhadatvui.vn/ban-dat-phuong-binh-tho-tp-thu-duc/dat-binh-tho-sat-mt-dang-van-bi-120m2-chi-7-ty-nhin-ko-loi-phong-thuy-xd-hoan-cong-hang-hiem1654836311
6/10/2022 11:40,https://nhadatvui.vn/ban-dat-xa-dai-dong-huyen-dai-loc/ban-dat-ven-da-nang-gan-khu-cong-nghiep-va-khu-du-lich-gia-chi-900tr-120m21654836039
6/10/2022 11:37,https://nhadatvui.vn/ban-dat-xa-hoa-thang-huyen-bac-binh/ngop-ngan-hang-can-ban-dat-thanh-long-cach-bien-5p1654835876
6/10/2022 11:28,https://nhadatvui.vn/ban-dat-thi-tran-tan-khai-huyen-hon-quan/can-ban-gap-lo-dat-250m2-vi-tri-thuan-loi-kinh-doanh-buon-ban1654835322
6/10/2022 11:00,https://nhadatvui.vn/ban-dat-phuong-minh-hung-thi-xa-chon-thanh/ca-n-ba-n-lo-da-t-5x45-ga-n-kcn-minh-hung-tho-cu-so-sa-n1654833607
6/10/2022 10:52,https://nhadatvui.vn/ban-dat-xa-dong-no-huyen-hon-quan/mat-tien-duong-lien-xa-20x50-sat-kcn-becamex-dan-cu-dong-gia-639tr1654833165
6/10/2022 10:45,https://nhadatvui.vn/ban-dat-phuong-phu-thinh-thi-xa-binh-long/can-tien-ban-lo-goc-2mt-900m2-co-100m-tcu-duong-18m-ngay-cho-gan-kcn-tien-xay-tro-gia-638-trieu1654832747
6/10/2022 10:30,https://nhadatvui.vn/ban-dat-xa-minh-thang-thi-xa-chon-thanh/dat-nen-225m-tho-cu-100m-so-sang-cong-chung-ngay1654831846
6/10/2022 10:18,https://nhadatvui.vn/ban-dat-xa-vinh-loc-a-huyen-binh-chanh/chinh-chu-ban-gap-dat-nen-quach-dieu-104m2-600tr1654831121
6/10/2022 10:06,https://nhadatvui.vn/ban-dat-xa-xuan-tay-huyen-cam-my/dat-xuan-tay-cam-my-noi-dau-tu-soi-dong-nhat-thoi-diem-nay-1654830403
6/10/2022 9:40,https://nhadatvui.vn/ban-dat-phuong-nghia-chanh-tp-quang-ngai/dat-o-thanh-pho-quang-ngai-gia-ca-hop-ly-phu-hop-dau-tu-so-hong-trao-san-thu-tuc-nhanh-chong1654828804
6/10/2022 9:14,https://nhadatvui.vn/ban-dat-xa-phuoc-hau-huyen-can-giuoc/chinh-chu-ban-gap-lo-dep-gia-re-tho-cu-so-hong-rieng-can-gioc-long-an1654827294
6/10/2022 9:11,https://nhadatvui.vn/ban-dat-phuong-suoi-hoa-tp-bac-ninh/chinh-chu-can-tien-xa-lo-lo-goc-vuong-van-tra-suoi-hoa-bac-ninh1654827103
6/10/2022 9:09,https://nhadatvui.vn/ban-dat-thi-tran-pho-moi-huyen-que-vo/ban-nhanh-lo-dat-tt-pho-moi-que-vo-bac-ninh1654826969
6/10/2022 9:06,https://nhadatvui.vn/ban-dat-phuong-van-duong-tp-bac-ninh/ban-nhanh-lo-dat-lam-trai-van-duong-bac-ninh1654826760
6/10/2022 9:03,https://nhadatvui.vn/ban-dat-phuong-vo-cuong-tp-bac-ninh/ban-re-can-chung-cu-cat-tuong-vo-cuong-bac-ninh1654826609
6/10/2022 9:00,https://nhadatvui.vn/ban-dat-phuong-truong-tho-tp-thu-duc/chuyen-huong-dau-tu-ha-gia-cho-anh-em-kim-loi-dat-p-truong-tho-thu-duc1654826451
6/10/2022 9:00,https://nhadatvui.vn/ban-dat-phuong-tan-an-tp-thu-dau-mot/dat-tho-cu-chinh-chu-so-san-ngay-mat-tien-dx132-tan-an-thu-dau-mot1654826446
6/10/2022 8:50,https://nhadatvui.vn/ban-dat-thi-tran-go-dau-huyen-go-dau/ban-lo-dat-144m2-tho-cu-gia-dau-tu-493tr-gan-tp-tay-ninh1654825838
6/10/2022 8:39,https://nhadatvui.vn/ban-dat-xa-duc-lap-thuong-huyen-duc-hoa/ngop-ban-gap-nha-120m2-820tr-30-o-duc-lap-thuong1654825196
6/10/2022 8:28,https://nhadatvui.vn/ban-dat-phuong-phu-my-thi-xa-phu-my/ban-6-lo-dat-ngay-mat-tien-quoc-lo-51-gia-mem1654824495
6/10/2022 8:23,https://nhadatvui.vn/ban-dat-xa-duc-lap-thuong-huyen-duc-hoa/chinh-chu-can-sang-lai-2-lo-goc-cong-vien-gia-2ty1654824191
6/9/2022 22:35,https://nhadatvui.vn/ban-dat-phuong-vo-cuong-tp-bac-ninh/dat-tho-cu-bo-son-nui-re-dep-tiem-nang-tang-gia1654788936
6/9/2022 21:32,https://nhadatvui.vn/ban-dat-thi-tran-go-dau-huyen-go-dau/nha-co-lo-dat-mat-tien-quoc-lo-22-de-danh-can-tien-ban-nhanh-1654785161
6/9/2022 19:05,https://nhadatvui.vn/ban-dat-xa-my-hanh-nam-huyen-duc-hoa/can-tien-nen-ban-gap-lo-dat-chinh-chu-o-cho-my-hanh-nam1654776308
6/9/2022 17:46,https://nhadatvui.vn/ban-dat-phuong-ninh-giang-thi-xa-ninh-hoa/ban-dat-tang-nha-cap-4-xin-so-gia-re-nhat-khu-vuc-ninh-giang-ninh-hoa1654771581
6/9/2022 17:43,https://nhadatvui.vn/ban-dat-phuong-ninh-giang-thi-xa-ninh-hoa/ban-lo-dat-phuong-vuong-van-gia-re-nhat-khu-vuc-ninh-giang-ninh-hoa-khanh-hoa1654771394
6/9/2022 17:33,https://nhadatvui.vn/ban-dat-xa-phuoc-binh-huyen-long-thanh/ban-gap-2-lo-dat-duong-phuoc-binh-long-thanh-dong-nai1654770793
6/9/2022 17:33,https://nhadatvui.vn/ban-dat-xa-duc-lap-ha-huyen-duc-hoa/ban-dat-nen-du-an-tay-bac-sg-80m2-duc-hoa-long-an1654770790
6/9/2022 17:19,https://nhadatvui.vn/ban-dat-thi-tran-ben-cau-huyen-ben-cau/nguoi-nha-can-ban-gap-lo-dat-nam-ngay-khu-cong-nghiep1654769958
6/9/2022 17:18,https://nhadatvui.vn/ban-dat-thi-tran-go-dau-huyen-go-dau/chinh-chu-can-ban-gap-2-lo-dat-nen-mat-tien-ql221654769900
6/9/2022 17:12,https://nhadatvui.vn/ban-dat-xa-dinh-thanh-huyen-dau-tieng/dat-dau-tieng-mat-tien-duong-dt-744-xa-dinh-thanh-dang-duoc-mo-rong-gia-tot-nhat-khu-vuc-1654769554
6/9/2022 17:12,https://nhadatvui.vn/ban-dat-xa-dinh-thanh-huyen-dau-tieng/dat-dau-tieng-mat-tien-duong-dt-744-xa-dinh-thanh-dang-duoc-mo-rong-gia-tot-nhat-khu-vuc-1654769554
6/9/2022 16:36,https://nhadatvui.vn/ban-dat-xa-phuoc-dong-huyen-go-dau/ban-lo-goc-2-mat-tien-ngay-kcn-phuoc-dong-gia-chinh-chu1654767415
6/9/2022 16:02,https://nhadatvui.vn/ban-dat-thi-tran-lien-nghia-huyen-duc-trong/ban-dat-2-mat-tien-duong-cao-ba-quat-4-lo-lien-ke-lien-nghia-duc-trong-lam-dong1654765324
6/9/2022 15:45,https://nhadatvui.vn/ban-dat-xa-tan-binh-huyen-tan-bien/dat-tan-bien-tay-ninh-gia-re-mat-tien-nhua-so-san1654764327
6/9/2022 15:35,https://nhadatvui.vn/ban-dat-xa-y-ty-huyen-bat-xat/ban-manh-dat-2-mat-tien-trung-tam-y-ty-sapa-2-gia-re-co-hoi-hap-dan-cho-nha-dau-tu1654763703
6/9/2022 15:29,https://nhadatvui.vn/ban-dat-xa-phuoc-vinh-an-huyen-cu-chi/cuc-hot-dat-chinh-chu-full-tho-cu-tai-cu-chi1654763342
6/9/2022 15:20,https://nhadatvui.vn/ban-dat-phuong-linh-dong-tp-thu-duc/can-ban-dat-hem-17-duong-22-linh-dong-thu-duc-dt4x29m1654762802
6/9/2022 15:16,https://nhadatvui.vn/ban-dat-phuong-tam-binh-tp-thu-duc/ban-dat-duong-so-7-tam-binh-thu-duc-khu-nha-o-van-xuan-1654762611
6/9/2022 15:09,https://nhadatvui.vn/ban-dat-xa-dien-trung-thi-xa-dien-ban/-d-d-d-1654762173
6/9/2022 15:06,https://nhadatvui.vn/ban-dat-xa-minh-thanh-huyen-dau-tieng/chinh-chu-gui-em-ban-lo-xa-minh-thanh-huyen-dau-tieng-dt-10x37-100-tc1654762003
6/9/2022 15:06,https://nhadatvui.vn/ban-dat-phuong-thoi-hoa-thi-xa-ben-cat/ra-gap-lo-dat-mat-tien-ngay-khu-dan-cu-my-phuoc-31654761963
6/9/2022 14:53,https://nhadatvui.vn/ban-dat-xa-loc-duc-huyen-bao-lam/hot-hot-hot-ban-gap-dat-nen-o-bao-lam-lam-dong1654761217
6/9/2022 14:46,https://nhadatvui.vn/ban-dat-phuong-tan-bien-tp-bien-hoa/ban-dat-chinh-chu-khu-dan-cu-tan-bien-so-rieng-tung-nen1654760784
6/9/2022 14:26,https://nhadatvui.vn/ban-dat-xa-loc-duc-huyen-bao-lam/thanh-ly-5-o-dau-tu-nghi-duong-biang-village1654759599
6/9/2022 14:00,https://nhadatvui.vn/ban-dat-xa-bau-tram-tp-long-khanh/-chu-nha-di-dinh-cu-gui-ban-120m2-tho-cu-mat-tien-duong1654758031
6/9/2022 13:54,https://nhadatvui.vn/ban-dat-phuong-van-son-quan-do-son/lo-goc-duy-nhat-khu-du-lich-bien-trung-tam-quan-do-son-gia-re-chi-3-9-ty1654757671
6/9/2022 13:51,https://nhadatvui.vn/ban-dat-xa-bau-tram-tp-long-khanh/em-ket-tien-can-ban-100m2-mat-tien-duong1654757514
6/9/2022 13:38,https://nhadatvui.vn/ban-dat-phuong-hiep-binh-chanh-tp-thu-duc/sot-1-lo-dat-chuan-dep-duong-10m-ngay-cho-hiep-binh-kdc-dong-bo-thich-hop-xd-vua-o-vua-lam-vp1654756732
6/9/2022 13:38,https://nhadatvui.vn/ban-dat-xa-tan-lac-huyen-bao-lam/dat-mat-tien-co-suoi-chi-5-trieu-m2-gan-bao-loc1654756730
6/9/2022 13:18,https://nhadatvui.vn/ban-dat-xa-huu-thanh-huyen-duc-hoa/dat-nen-du-an-rosemall-sieu-hap-dan-gia-chi-tu-799-trieu1654755538
6/9/2022 13:07,https://nhadatvui.vn/ban-dat-xa-tien-xuan-huyen-thach-that/ban-dat-hoa-lac-gan-dai-hoc-quoc-gia-vi-tri-dac-dia1654754861
6/9/2022 12:00,https://nhadatvui.vn/ban-dat-phuong-linh-trung-tp-thu-duc/hang-chua-qua-dau-tu-ban-dat-tang-day-tro-san-thu-nhap-duong-5m-le-van-chi-gan-bvdk-thu-duc-gia-chi-64tr-m21654750817
6/9/2022 11:51,https://nhadatvui.vn/ban-dat-thi-tran-ben-cau-huyen-ben-cau/chi-tu-450tr-so-huu-ngay-lo-dat-vang-tai-vi-tri-ngay-trung-tam-thi-tran1654750276
6/9/2022 11:44,https://nhadatvui.vn/ban-dat-xa-long-cang-huyen-can-duoc/dat-nen-so-san-cach-cho-binh-chanh-3km-chi-tu-550-trieu1654749898
6/9/2022 11:38,https://nhadatvui.vn/ban-dat-phuong-dien-nam-dong-thi-xa-dien-ban/ban-lo-dat-dien-nam-dong-gia-cuc-re-1654749529
6/9/2022 11:35,https://nhadatvui.vn/ban-dat-phuong-hiep-binh-chanh-tp-thu-duc/sot-lo-dat-dep-10m-x-30-9m-hiep-binh-chanh-khu-ven-song-gan-gigamall-pham-van-dong-xay-dung-tu-do-gia-tot1654749314
6/9/2022 11:31,https://nhadatvui.vn/ban-dat-phuong-hiep-binh-chanh-tp-thu-duc/dat-biet-thu-10x20-kdc-vip-binh-dan-mt-duong-10m-hiep-binh-chanh-thu-duc-gan-pham-van-dong1654749062
6/9/2022 11:21,https://nhadatvui.vn/ban-dat-phuong-hiep-binh-chanh-tp-thu-duc/chi-80tr-m2-so-huu-lo-dat-dep-dt-chuan-xd-duong-5m-sat-pham-van-dong-tttm-gigamall-duy-nhat-1-lo1654748473
6/9/2022 11:18,https://nhadatvui.vn/ban-dat-phuong-hiep-binh-chanh-tp-thu-duc/dat-hiem-khu-biet-thu-ben-song-ngay-cho-hiep-binh-chanh-duong-thong-12m-dt-7-5x17-vuong-vuc-chuan-xd1654748331
6/9/2022 11:13,https://nhadatvui.vn/ban-dat-xa-song-xoai-thi-xa-phu-my/ban-6-lo-tai-song-xoai-gia-re-so-san-100m-tho-cu-sang-ten-cong-chung-trong-ngay-1654748021
6/9/2022 11:02,https://nhadatvui.vn/ban-dat-xa-long-chau-huyen-yen-phong/chinh-chu-can-ban-dat-75m2-tai-chi-long1654747327
6/9/2022 10:56,https://nhadatvui.vn/ban-dat-phuong-binh-chieu-tp-thu-duc/ha-gia-200tr-sang-gap-lo-dat-p-binh-chieu-tp-thu-duc-1654746979
6/9/2022 10:55,https://nhadatvui.vn/ban-dat-xa-my-hanh-nam-huyen-duc-hoa/vi-ket-tien-can-ban-gap-lo-dat-chinh-chu-tai-cho-my-hanh-nam1654746914
6/9/2022 10:53,https://nhadatvui.vn/ban-dat-xa-long-thoi-huyen-nha-be/chinh-chu-can-ban-dat-o-long-thoi-so-do-1654746822
6/9/2022 10:52,https://nhadatvui.vn/ban-dat-xa-ngu-phuc-huyen-kim-thanh/chinh-chu-toi-ban-16-lo-dat-nen-xa-ngu-phuc-kim-thanh-hd1654746777
6/9/2022 10:46,https://nhadatvui.vn/ban-dat-xa-huu-thanh-huyen-duc-hoa/can-ban-dat-nen-du-an-rose-mall-o-xa-huu-thanh-duc-hoa-long-an1654746388
6/9/2022 10:41,https://nhadatvui.vn/ban-dat-xa-nhon-duc-huyen-nha-be/chinh-chu-ban-gap-mieng-dat-o-le-van-luong-so-do-1654746112
6/9/2022 10:40,https://nhadatvui.vn/ban-dat-xa-xuan-dong-huyen-cam-my/e-dang-can-ban-mieng-dat-1100m2-o-xuan-dong-cam-my-dong-nai1654746039
6/9/2022 10:07,https://nhadatvui.vn/ban-dat-xa-my-hanh-nam-huyen-duc-hoa/chu-gui-ban-lo-dat-dep-tai-ap-giong-lon-xa-my-hanh-nam-duc-hoa-long-an-1654744028
6/9/2022 9:47,https://nhadatvui.vn/ban-dat-xa-quang-minh-thi-xa-chon-thanh/can-ban-lo-dat-chon-thanh-250m2-co-so-hong-co-100m2-tho-cu1654742865
6/9/2022 9:38,https://nhadatvui.vn/ban-dat-thi-tran-lim-huyen-tien-du/ban-nhanh-nha-3-tang-tt-lim-tien-du-bac-ninh1654742288
6/9/2022 9:34,https://nhadatvui.vn/ban-dat-xa-lien-bao-huyen-tien-du/ban-dat-tho-cu-hoai-thi-149m2-tien-du-bac-ninh1654742045
6/9/2022 9:32,https://nhadatvui.vn/ban-dat-xa-lien-bao-huyen-tien-du/ban-nhanh-lo-dat-hoai-trung-lien-bao-tien-du1654741977
6/9/2022 9:30,https://nhadatvui.vn/ban-dat-phuong-vu-ninh-tp-bac-ninh/ban-nhanh-lo-dat-phuc-son-vu-ninh-bac-ninh1654741816
6/9/2022 9:24,https://nhadatvui.vn/ban-dat-thi-tran-pho-moi-huyen-que-vo/-ban-nhanh-lo-goc-thi-tran-pho-moi-que-vo1654741449
6/9/2022 9:15,https://nhadatvui.vn/ban-dat-xa-loc-thanh-huyen-loc-ninh/ban-dat-tho-cu-chinh-chu-gia-re-gan-sat-khu-cong-nghiep1654740927
6/9/2022 9:12,https://nhadatvui.vn/ban-dat-xa-chau-pha-thi-xa-phu-my/ban-nhanh-9-lo-dat-nen-tai-cao-toc-bien-hoa-vung-tau1654740754
6/9/2022 9:09,https://nhadatvui.vn/ban-dat-thi-tran-duc-hoa-huyen-duc-hoa/chinh-chu-can-ban-dat-o-tan-my-long-an-5x20-1-3-ty1654740589
6/9/2022 9:07,https://nhadatvui.vn/ban-dat-xa-minh-lap-thi-xa-chon-thanh/ban-gap-4-lo-dat-mt-dt756-1000m2-co-tho-cu-shr-gan-kcn1654740444
6/9/2022 9:03,https://nhadatvui.vn/ban-dat-xa-tan-hoa-thi-xa-phu-my/co-n-va-i-sua-t-no-i-bo-ha-p-da-n-ma-t-tie-n-va-nh-dai-41654740231
6/9/2022 8:57,https://nhadatvui.vn/ban-dat-xa-tu-tra-huyen-don-duong/da-lat-pearl-chi-con-15-80-lo-cuoi-cung1654739842
6/9/2022 8:53,https://nhadatvui.vn/ban-dat-xa-tan-my-huyen-duc-hoa/dat-tho-cu-100-o-phia-tay-sai-gon-mat-tien-so-hong-5x20m-bao-xay-dung1654739616
6/9/2022 8:45,https://nhadatvui.vn/ban-dat-xa-tan-my-huyen-duc-hoa/ban-dat-tho-cu-bao-xay-dung-5x20m-1-3-ty-so-hong-lh-ms-thuy1654739131
6/9/2022 8:41,https://nhadatvui.vn/ban-dat-phuong-tan-dong-hiep-tp-di-an/can-may-may-mieng-dat-hien-tai-dang-cho-ngt-theu-dung-xuong-ban-quan-cf-quan-an-gan-cho-truong-hoc1654738865
6/9/2022 8:36,https://nhadatvui.vn/ban-dat-xa-song-xoai-thi-xa-phu-my/ban-dat-thi-xa-phu-my-brvt-gan-duong-vanh-dai-4-gan-san-bay-khu-cong-nghiep1654738591
6/9/2022 8:31,https://nhadatvui.vn/ban-dat-xa-tien-hung-tp-dong-xoai/ban-nhanh-lo-dat-mat-tien-quoc-lo-xa-tien-hung1654738277
6/9/2022 8:29,https://nhadatvui.vn/ban-dat-xa-vinh-loc-a-huyen-binh-chanh/dat-chinh-chu-5x19-mat-tien-vinh-loc-a-binh-chanh-gia-mem-deo-1654738176
6/9/2022 8:18,https://nhadatvui.vn/ban-dat-xa-minh-lap-thi-xa-chon-thanh/gia-dinh-em-chuyen-len-sai-gon-can-ban-1-lo-dat1654737534
6/9/2022 0:36,https://nhadatvui.vn/ban-dat-phuong-hoa-an-tp-bien-hoa/3-lo-lien-ke-mat-tien-ngay-cty-lon-ponchen-ngay-cho-hoa-an-bien-hoa1654709798
6/8/2022 23:38,https://nhadatvui.vn/ban-dat-phuong-buu-hoa-tp-bien-hoa/lo-dat-154m-kdc-hien-huu-bien-hoa-nguon-dau-tu1654706282
6/8/2022 23:35,https://nhadatvui.vn/ban-dat-xa-tien-thuan-huyen-ben-cau/dat-tien-thuan-duong-30m-gan-quy-dat-vingroup-gia-tot1654706131
6/8/2022 23:29,https://nhadatvui.vn/ban-dat-xa-tien-thuan-huyen-ben-cau/chinh-chu-can-ban-gap-lo-dat-mat-tien-lien-ke-cac-khu-cong-nghiep-cho-1654705767
6/8/2022 21:29,https://nhadatvui.vn/ban-dat-phuong-linh-tay-tp-thu-duc/dat-linh-tay-mt-duong-8m-sat-pham-van-dong-cach-cc-nam-long-100m-gan-quy-dat-vingroup-gia-tot1654698561
6/8/2022 17:35,https://nhadatvui.vn/ban-dat-phuong-suoi-hoa-tp-bac-ninh/chinh-chu-can-tien-xa-lo-lo-goc-vuong-van-tra-suoi-hoa-bac-ninh1654684502
6/8/2022 17:21,https://nhadatvui.vn/ban-dat-xa-phuoc-dong-huyen-go-dau/ban-lo-dat-tho-cu-ngay-kcn-phuoc-dong-gan-truong1654683675
6/8/2022 17:14,https://nhadatvui.vn/ban-dat-xa-cha-la-huyen-duong-minh-chau/can-ban-gap-2-lo-dat-nam-lien-ke-nhau-shr-toi-tach-tung-lo-gan-kcn-cha-la1654683288
6/8/2022 17:10,https://nhadatvui.vn/ban-dat-phuong-linh-xuan-tp-thu-duc/duong-vao-dat-trai-nhua-dep-no-hau-4-47m-hxh-4m-gan-cho-xuan-hiep-linh-xuan1654683045
6/8/2022 17:07,https://nhadatvui.vn/ban-dat-phuong-linh-chieu-tp-thu-duc/sot-lo-dat-dep-hxh-5m-sat-mat-tien-chuong-duong-linh-chieu-thich-hop-lam-vp-ks-xd-tu-do-gia-tot1654682868
6/8/2022 17:05,https://nhadatvui.vn/ban-dat-phuong-linh-xuan-tp-thu-duc/hang-dau-tu-ban-dat-tang-day-tro-duong-6-linh-xuan-gan-cho-xuan-hiep-dt-4x15-5-vuong-vuc-san-thu-nhap-7tr1654682706
6/8/2022 17:01,https://nhadatvui.vn/ban-dat-phuong-linh-xuan-tp-thu-duc/dat-dep-kdc-cao-cap-duong-5m-sat-mat-tien-duong-8-linh-xuan-ngay-cho-xuan-hiep-gia-tot1654682474
6/8/2022 16:49,https://nhadatvui.vn/ban-dat-xa-y-ty-huyen-bat-xat/ban-manh-dat-sin-chai-y-ty-lao-cai-gia-re1654681755
6/8/2022 16:47,https://nhadatvui.vn/ban-dat-phuong-truong-tho-tp-thu-duc/hang-hiem-dat-dt-chuan-dep-6x20-vuong-vuc-duong-5m-gan-cc-lan-phuong-cho-thu-duc-gia-83tr-m21654681659
6/8/2022 16:45,https://nhadatvui.vn/ban-dat-xa-hong-thai-huyen-bac-binh/can-ban-gap-lo-dat-xa-hong-thai-bac-binh1654681500
6/8/2022 15:40,https://nhadatvui.vn/ban-dat-phuong-phuoc-hoa-thi-xa-phu-my/ban-nha-mat-tien-kinh-doanh-ba-ria-vung-tau1654677641
6/8/2022 15:27,https://nhadatvui.vn/ban-dat-xa-loc-hung-huyen-loc-ninh/gia-soc-dat-tot-gia-re-khu-loc-hung-loc-ninh-binh-phuoc1654676870
6/8/2022 15:26,https://nhadatvui.vn/ban-dat-xa-loc-duc-huyen-bao-lam/ban-dat-150m2-tho-cu-100m2-o-xa-loc-duc-bao-lam1654676761
6/8/2022 15:20,https://nhadatvui.vn/ban-dat-xa-sao-bay-huyen-kim-boi/ban-dat-chinh-chu-khu-campings-na-bo-sao-bay-kim-boi-hoa-binh1654676427
6/8/2022 15:18,https://nhadatvui.vn/ban-dat-xa-minh-thanh-huyen-dau-tieng/chinh-chu-gui-em-ban-lo-xa-minh-thanh-huyen-dau-tieng-dt-10x37-100-tc1654676295
6/8/2022 15:15,https://nhadatvui.vn/ban-dat-xa-dinh-thanh-huyen-dau-tieng/dat-dau-tieng-mat-tien-duong-dt-744-xa-dinh-thanh-dang-duoc-mo-rong-gia-tot-nhat-khu-vuc-1654676118
6/8/2022 15:00,https://nhadatvui.vn/ban-dat-xa-tan-xa-huyen-thach-that/ban-gap-136m-thon-2-tan-xa-thach-that-cnc-hoa-lac-gan-dai-hoc-fpt-gia-re-1654675220
6/8/2022 14:57,https://nhadatvui.vn/ban-dat-xa-an-vien-huyen-trang-bom/ban-dat-nen-phan-lo-an-vien-trang-bom-dong-nai1654675070
6/8/2022 14:29,https://nhadatvui.vn/ban-dat-xa-binh-tu-huyen-thang-binh/dat-ngoc-pho-chi-5-lo-so-huu-ngay-keo-het1654673365
6/8/2022 14:00,https://nhadatvui.vn/ban-dat-xa-vinh-tan-thi-xa-tan-uyen/-can-ban-gap-160m2-ngay-khu-nha-o-suncasa-vsipii1654671647
6/8/2022 13:41,https://nhadatvui.vn/ban-dat-xa-ngu-phuc-huyen-kim-thanh/chinh-chu-ban-16-lo-dat-nen-xa-ngu-phuc-kim-thanh-hai-duong1654670508
6/8/2022 13:23,https://nhadatvui.vn/ban-dat-xa-tan-phu-trung-huyen-cu-chi/ban-dat-tho-cu-2-mat-tien-duong-nhua-130m21654669438
6/8/2022 12:27,https://nhadatvui.vn/ban-dat-xa-tien-xuan-huyen-thach-that/ban-370m-dat-tien-xuan-thach-that-cnc-hoa-lac-gan-dhqg-gia-re-1654666024
6/8/2022 12:04,https://nhadatvui.vn/ban-dat-phuong-phu-my-thi-xa-phu-my/co-hoi-dau-tu-vang-dau-tu-dat-nen-thi-xa-phu-my-ba-ria-vung-tau1654664684
6/8/2022 11:53,https://nhadatvui.vn/ban-dat-thi-tran-ben-cau-huyen-ben-cau/can-ban-lo-dat-ngay-nut-giao-cao-toc-hcm-moc-bai1654663996
6/8/2022 11:39,https://nhadatvui.vn/ban-dat-xa-my-le-huyen-can-duoc/ban-dat-mat-tien-duong-ql50-co-so-hong-rieng-dt95m21654663175
6/8/2022 11:15,https://nhadatvui.vn/ban-dat-xa-hop-thanh-huyen-my-duc/can-khach-net-dau-tu-346-m-full-tho-cu-tai-my-duc1654661708
6/8/2022 10:57,https://nhadatvui.vn/ban-dat-xa-quang-minh-thi-xa-chon-thanh/ban-dat-chinh-chu-so-hong-san-o-quang-minh-chon-thanh-binh-phuoc1654660629
6/8/2022 10:32,https://nhadatvui.vn/ban-dat-xa-phuoc-vinh-an-huyen-cu-chi/cuc-hot-dat-chinh-chu-full-tho-cu-tai-cu-chi1654659168
6/8/2022 10:30,https://nhadatvui.vn/ban-dat-xa-loc-duc-huyen-bao-lam/ban-gap-5-lo-lien-ke-so-hong-rieng-tang-ngay-8-chi-vang-99991654659000
6/8/2022 10:28,https://nhadatvui.vn/ban-dat-xa-trung-lap-ha-huyen-cu-chi/dat-nen-cu-chi-xa-trung-lap-ha-124m2-100-tho-cu-so-rieng1654658917
6/8/2022 10:20,https://nhadatvui.vn/ban-dat-phuong-hoa-xuan-quan-cam-le/ban-dat-kdt-con-dau-hoa-xuan-gia-truc-tiep-tu-chu-dau-tu-chiet-khau-cao1654658414
6/8/2022 10:18,https://nhadatvui.vn/ban-dat-xa-dien-tien-thi-xa-dien-ban/biet-thu-view-dong-sat-hoa-tien-dn-230m2-ma-gia-chi-640tr1654658319
6/8/2022 10:08,https://nhadatvui.vn/ban-dat-xa-tan-lac-huyen-bao-lam/dat-mat-tien-canh-cong-vien-gia-chi-5-trieu-m21654657718
6/8/2022 10:06,https://nhadatvui.vn/ban-dat-thi-tran-cu-chi-huyen-cu-chi/ban-dat-mat-tien-cu-chi-99m2-gia-re-so-hong-rieng1654657616
6/8/2022 10:06,https://nhadatvui.vn/ban-dat-xa-dien-tien-thi-xa-dien-ban/ban-ngay-2-lo-dat-lien-ke-2-mat-tien-cach-da-nang-2km-ma-gia-chi-700tr1654657582
6/8/2022 10:00,https://nhadatvui.vn/ban-dat-thi-tran-lai-uyen-huyen-bau-bang/can-ban-100m2-trong-kdc-duc-phat-3-ngay-mat-tien-ql13-gia-1-45-ty1654657258
6/8/2022 9:57,https://nhadatvui.vn/ban-dat-xa-co-dong-thi-xa-son-tay/ban-cat-lo-lo-dat-nen-hoa-lac-gia-mem-cho-cac-nha-dau-tu-duy-nhat-1-lo1654657034
6/8/2022 9:55,https://nhadatvui.vn/ban-dat-xa-minh-thang-thi-xa-chon-thanh/30-lo-dat-nen-moi-bung-so-san-cong-chung-ngay1654656901
6/8/2022 9:51,https://nhadatvui.vn/ban-dat-xa-xuan-tay-huyen-cam-my/ban-ngay-10-lo-dat-chinh-chu-xa-xuan-tay-cam-my-gan-khu-dan-sinh-duong-cho-xe-hoi-di-thoai-mai-1654656705
6/8/2022 9:27,https://nhadatvui.vn/ban-dat-phuong-thoi-hoa-thi-xa-ben-cat/con-sot-lo-dat-duong-nhua-1-ty-950-gia-re-o-my-phuoc-3-can-ban-gap1654655263
6/8/2022 9:20,https://nhadatvui.vn/ban-dat-xa-van-phu-huyen-van-ninh/dat-nen-so-do-full-tho-cu-tai-dac-khu-kinh-te-bac-van-phong1654654843
6/8/2022 9:12,https://nhadatvui.vn/ban-dat-xa-tan-thong-hoi-huyen-cu-chi/3-mat-tien-tan-thong-hoi-cu-chi-160m2-790tr1654654337
6/8/2022 9:09,https://nhadatvui.vn/ban-dat-xa-lien-hiep-huyen-duc-trong/ban-nhanh-lo-dat-gan-truong-tieu-hoc-nghia-hiep-lien-hiep-duc-trong-5x30m-75m2-tho-cu1654654149
6/8/2022 9:06,https://nhadatvui.vn/ban-dat-xa-duc-lap-thuong-huyen-duc-hoa/ngop-can-ban-nha-120m2-mt-o-duc-lap-thuong-820tr1654653997
6/8/2022 8:59,https://nhadatvui.vn/ban-dat-xa-phu-man-huyen-quoc-oai/view-ho-lung-tua-nui-don-tai-loc-khu-nghi-duong-trung-tam-xa1654653565
6/8/2022 8:59,https://nhadatvui.vn/ban-dat-xa-cha-la-huyen-duong-minh-chau/ban-dat-tho-cu-148m2-dat-tai-kcn-cha-la-tay-ninh1654653565
6/8/2022 8:55,https://nhadatvui.vn/ban-dat-thi-tran-pho-moi-huyen-que-vo/ban-nhanh-lo-goc-thi-tran-pho-moi-que-vo1654653315
6/8/2022 8:52,https://nhadatvui.vn/ban-dat-xa-tan-binh-tp-tay-ninh/sieu-pham-dat-nen-thanh-pho-tay-ninh-ban-co-muon-so-huu1654653164
6/8/2022 8:51,https://nhadatvui.vn/ban-dat-xa-tan-hoa-thi-xa-phu-my/mo-ba-n-110-lo-da-t-ne-n-co-so-sa-n-na-m-ta-i-ma-t-tie-n-va-nh-dai-41654653090
6/8/2022 8:47,https://nhadatvui.vn/ban-dat-phuong-thoi-hoa-thi-xa-ben-cat/nha-mat-pho-lan-duong-rong-62m-4-tang-dien-tich-san-375m2-gia-5-55-ty-1654652845
6/8/2022 8:46,https://nhadatvui.vn/ban-dat-xa-tan-an-hoi-huyen-cu-chi/chinh-chu-ban-dat-11x33m-co-100m2-tho-cu-gia-re1654652818
6/8/2022 8:41,https://nhadatvui.vn/ban-dat-xa-ngoc-dinh-huyen-dinh-quan/chinh-chu-ban-vuon-trai-cay-1000m2-so-rieng1654652490
6/8/2022 8:40,https://nhadatvui.vn/ban-dat-xa-binh-chanh-huyen-binh-chanh/dat-nen-5x20-da-co-so-full-tho-ban-gia-790tr1654652446
6/8/2022 8:34,https://nhadatvui.vn/ban-dat-xa-da-ron-huyen-don-duong/can-ban-gap-5x24m-dat-tai-da-ron-don-duong-gan-vuon-dau-thu-ha-da-lat-milkcach-duong-bong-lai-chi-400m1654652097
6/8/2022 6:18,https://nhadatvui.vn/ban-dat-phuong-buu-long-tp-bien-hoa/dat-mat-tien-huynh-van-nghe-buu-long-135m2-gia-6-ty-200-1654643939
6/7/2022 22:33,https://nhadatvui.vn/ban-dat-xa-phuoc-thanh-huyen-go-dau/ban-dat-150m2-co-100-tho-cu-chi-voi-790tr1654615999
6/7/2022 16:58,https://nhadatvui.vn/ban-dat-xa-hong-thai-huyen-bac-binh/3-sao-vuong-vuc-dep-hon-nguoi-yeu-cu-cua-ban1654595935
6/7/2022 16:25,https://nhadatvui.vn/ban-dat-xa-dinh-thanh-huyen-dau-tieng/dat-dau-tieng-mat-tien-duong-dt-744-xa-dinh-thanh-dang-duoc-mo-rong-gia-tot-nhat-khu-vuc-1654593951
6/7/2022 16:12,https://nhadatvui.vn/ban-dat-thi-tran-phon-xuong-huyen-yen-the/ban-dat-du-an-phon-xuong-central-park-yen-the-bac-giang1654593157
6/7/2022 15:56,https://nhadatvui.vn/ban-dat-xa-long-tan-huyen-dat-do/chinh-chu-ngop-can-ban-dat-mat-tien-long-tan-tinh-ba-ria-gia-re1654592164
6/7/2022 15:37,https://nhadatvui.vn/ban-dat-xa-loc-thanh-huyen-loc-ninh/ban-dat-250m2-100m-tho-cu-so-san-cong-chung-ngay-gan-kcn-loc-thanh-tien-ich-day-du1654591032
6/7/2022 15:28,https://nhadatvui.vn/ban-dat-xa-thanh-binh-huyen-tan-bien/dat-tan-bien-tay-ninh-gia-re-mat-tien-duong-soi-qh-20m1654590500
6/7/2022 15:08,https://nhadatvui.vn/ban-dat-xa-tien-xuan-huyen-thach-that/ban-dat-bai-dai-tien-xuan-canh-xanh-villas-va-gan-dh-quoc-gia1654589291
6/7/2022 14:58,https://nhadatvui.vn/ban-dat-xa-ngu-phuc-huyen-kim-thanh/ban-dat-nen-dong-gia-ven-khu-cong-nghiep-huyen-kim-thanh-tinh-hai-duong1654588701
6/7/2022 14:47,https://nhadatvui.vn/ban-dat-xa-thanh-binh-huyen-tan-bien/can-tien-ban-gap-lo-dat-tan-bien-tay-ninh1654588024
6/7/2022 14:41,https://nhadatvui.vn/ban-dat-xa-tan-lac-huyen-bao-lam/dat-nghi-duong-bao-loc-tren-500m2-gia-chi-2-trieu-499k-m21654587668
6/7/2022 14:36,https://nhadatvui.vn/ban-dat-xa-duc-lap-thuong-huyen-duc-hoa/ban-dat-nen-gia-cuc-ky-hap-dan-dt-823-vanh-dai-4-duc-lap-thuong-duc-hoa-long-an-1654587360
6/7/2022 14:30,https://nhadatvui.vn/ban-dat-xa-tan-loi-huyen-dong-phu/lo-goc-2-mat-tien-ngay-duong-binh-duong-dong-phu-gia-re1654587049
6/7/2022 14:29,https://nhadatvui.vn/ban-dat-xa-binh-thuan-thi-xa-buon-ho/ban-dat-chinh-chu-binh-thuan-thi-xa-buon-ho1654586997
6/7/2022 14:27,https://nhadatvui.vn/ban-dat-phuong-thanh-nhat-tp-buon-ma-thuot/can-ban-gap-lo-truc-lo-5-buon-ky-p-thanh-nhat1654586841
6/7/2022 13:16,https://nhadatvui.vn/ban-dat-xa-phuoc-an-huyen-hon-quan/ban-dat-tho-cu-gia-400tr-sinh-loi-cao-ngai-gi-ma-khong-dau-tu1654582579
6/7/2022 11:50,https://nhadatvui.vn/ban-dat-thi-tran-go-dau-huyen-go-dau/dat-mat-tien-quoc-lo-22-150m2-tho-cu-chinh-chu-ban1654577406
6/7/2022 11:42,https://nhadatvui.vn/ban-dat-xa-lien-bao-huyen-tien-du/can-ban-1-lo-gian-dan-lang-che-tien-du-dien-tich-100m21654576966
6/7/2022 11:40,https://nhadatvui.vn/ban-dat-xa-xuan-tay-huyen-cam-my/ban-ngay-10-lo-dat-huyen-cam-my-xuan-tay-vi-tri-cuc-dep1654576829
6/7/2022 11:38,https://nhadatvui.vn/ban-dat-phuong-khac-niem-tp-bac-ninh/-hang-hot-ban-lo-tho-cu-ngay-cho-tien-p-khac-niem1654576695
6/7/2022 11:19,https://nhadatvui.vn/ban-dat-xa-loc-thanh-huyen-loc-ninh/ban-dat-nen-phan-lo-so-san-mat-tien-duong-nhua-gia-f0-x2x3-theo-tien-do-1654575582
6/7/2022 11:11,https://nhadatvui.vn/ban-dat-xa-thuan-minh-huyen-ham-thuan-bac/ca-n-ba-n-6xao2-co-56m-ma-t-tie-n-duo-ng-be-tong-phu-ho-ng-toa-n-bo-da-t-vuong-vu-c1654575090
6/7/2022 10:44,https://nhadatvui.vn/ban-dat-xa-nhan-trach-huyen-bo-trach/mo-ban-du-an-seoul-village-dat-nen-mat-bien-tp-dong-hoi-quang-binh-so-do-tung-nen1654573455
6/7/2022 10:34,https://nhadatvui.vn/ban-dat-xa-phuoc-kien-huyen-nha-be/ban-dat-khu-dan-cu-mat-tien-le-van-luong-phuoc-kien-nha-be1654572873
6/7/2022 10:21,https://nhadatvui.vn/ban-dat-phuong-tho-quang-quan-son-tra/ban-gap-2-lo-lien-ke-240m2-ngo-quyen-nhinh-15-ty1654572091
6/7/2022 10:21,https://nhadatvui.vn/ban-dat-xa-pham-van-coi-huyen-cu-chi/ban-gap-1-632m2-duong-bau-lach-qh-vanh-dai-4-xa-pham-van-coi-huyen-cu-chi-gia-9-ty-1501654572087
6/7/2022 10:11,https://nhadatvui.vn/ban-dat-xa-phu-my-hung-huyen-cu-chi/dat-dep-ban-gap-cc-xa-phu-my-hung-huyen-cu-chi-1-931-7-m21654571502
6/7/2022 10:06,https://nhadatvui.vn/ban-dat-xa-an-thoi-dong-huyen-can-gio/can-ban-gap-dat-tai-huyen-can-gio-thanh-pho-ho-chi-minh-gia-ban-6ty1654571161
6/7/2022 9:55,https://nhadatvui.vn/ban-dat-xa-my-le-huyen-can-duoc/ban-dat-mat-tien-ql-50-shr-gia-chi-tu-480-trieu1654570547
6/7/2022 9:54,https://nhadatvui.vn/ban-dat-phuong-dien-ngoc-thi-xa-dien-ban/du-an-khu-dan-cu-dien-ngoc-dien-bang-quang-nam1654570491
6/7/2022 9:54,https://nhadatvui.vn/ban-dat-xa-nhon-nghia-huyen-phong-dien-tp-can-tho/nen-tho-cu-100-dt-4-5x20-87m-lo-o-to-toi-nen1654570484
6/7/2022 9:46,https://nhadatvui.vn/ban-dat-xa-ngu-phuc-huyen-kim-thanh/chinh-chu-ban-dat-nen-kim-thanh-hai-duong1654569974
6/7/2022 9:34,https://nhadatvui.vn/ban-dat-xa-tu-tra-huyen-don-duong/da-lat-pearl-dat-nen-vi-tri-dac-dia-dau-tu-sinh-loi1654569290
6/7/2022 9:30,https://nhadatvui.vn/ban-dat-xa-binh-chanh-huyen-binh-chanh/ket-tien-ban-gap-lo-dat-cach-dinh-duc-thien-200m1654569030
6/7/2022 9:22,https://nhadatvui.vn/ban-dat-xa-tien-xuan-huyen-thach-that/ban-494-m2-dat-tien-xuan-thach-that-cnc-hoa-lac-gan-dai-hoc-quoc-gia-gia-re-1654568522
6/7/2022 9:20,https://nhadatvui.vn/ban-dat-xa-huu-thanh-huyen-duc-hoa/chinh-chu-ket-tien-can-ra-gap-lo-dat-mat-tien-duong-dt-830-duc-hoa-long-an1654568458
6/7/2022 9:18,https://nhadatvui.vn/ban-dat-xa-song-luy-huyen-bac-binh/so-huu-lo-dat-lien-ke-kdl-safari-rang-dong-chi-voi-hon-1-ty1654568322
6/7/2022 9:11,https://nhadatvui.vn/ban-dat-xa-loc-an-huyen-long-thanh/dat-nen-ho-sinh-thai-loc-an-long-thanh-16tr-m2-gan-san-bay-long-thanh-da-co-so-rieng1654567893
6/7/2022 9:03,https://nhadatvui.vn/ban-dat-xa-chau-pha-thi-xa-phu-my/ban-nhanh-9-lo-dat-nen-tai-cao-toc-bien-hoa-vung-tau1654567394
6/7/2022 8:56,https://nhadatvui.vn/ban-dat-xa-quang-minh-thi-xa-chon-thanh/can-ban-lo-dat-chon-thanh-250m2-co-so-hong1654567013
6/7/2022 8:55,https://nhadatvui.vn/ban-dat-xa-an-nhon-tay-huyen-cu-chi/chu-can-ban-dat-vuon-2-mat-tien-an-nhon-tay-cu-chi-800tr-1195m21654566912
6/7/2022 8:53,https://nhadatvui.vn/ban-dat-xa-duc-hoa-dong-huyen-duc-hoa/dat-nen-kdc-lang-sen-duc-hoa-dong-gia-850-trieu1654566810
6/7/2022 8:48,https://nhadatvui.vn/ban-dat-xa-tien-xuan-huyen-thach-that/ban-dat-hoa-lac-canh-xanh-villas-gan-dai-hoc-quoc-gia1654566482
6/7/2022 8:46,https://nhadatvui.vn/ban-dat-xa-phan-thanh-huyen-bac-binh/ban-dat-binh-thuan-vi-tri-dep-2-mat-duong1654566376
6/7/2022 8:39,https://nhadatvui.vn/ban-dat-xa-duc-lap-thuong-huyen-duc-hoa/chinh-chu-ban-gap-dat-mt-80m2-gia-890tr-ngay-tinh-lo-81654565942
6/7/2022 8:36,https://nhadatvui.vn/ban-dat-phuong-thanh-tam-thi-xa-chon-thanh/bba-n-da-t-tha-nh-tam-chon-tha-nh-bi-nh-phuo-c1654565795
6/7/2022 8:21,https://nhadatvui.vn/ban-dat-phuong-phu-my-thi-xa-phu-my/ban-dat-sao-co-tho-cu-gan-cao-toc-gan-cang-bien-brvt1654564909
6/7/2022 8:20,https://nhadatvui.vn/ban-dat-thi-tran-tan-phu-huyen-dong-phu/ban-dat-chinh-chu-kcn-bac-dong-phu-binh-phuoc-218m2-co-40m-odt1654564831
6/7/2022 8:16,https://nhadatvui.vn/ban-dat-phuong-do-vinh-tp-phan-rang-thap-cham/ban-dat-gan-san-bay-tai-tp-phan-rang-thap-cham1654564597
6/7/2022 8:16,https://nhadatvui.vn/ban-dat-xa-loc-chau-tp-bao-loc/ban-1-so-lo-dat-thich-hop-dau-tu-nghi-duong1654564588
6/7/2022 8:08,https://nhadatvui.vn/ban-dat-thi-tran-hau-nghia-huyen-duc-hoa/cty-pha-san-thanh-ly-gap-3-nen-gia-750tr-nen1654564133
6/7/2022 7:48,https://nhadatvui.vn/ban-dat-xa-song-xoai-thi-xa-phu-my/ban-dat-thi-xa-phu-my-brvt-mat-tien-duong-vanh-dai-4-gan-san-bay-khu-cong-nghiep1654562900
6/6/2022 23:26,https://nhadatvui.vn/ban-dat-xa-tien-xuan-huyen-thach-that/ban-828m2-dat-nghi-duong-tien-xuan-thach-that-cnc-hoa-lac-gan-dai-hoc-quoc-gia-gia-re-1654532809
6/6/2022 22:27,https://nhadatvui.vn/ban-dat-phuong-2-tp-tay-ninh/ban-dat-150m2-co-100-tho-cu-chi-voi-790tr1654529256
6/6/2022 22:23,https://nhadatvui.vn/ban-dat-xa-tien-thuan-huyen-ben-cau/goc-2-mat-tien-khu-vip-tien-thuan-5-40-gia-1ty350-vi-tri-dep1654529031
6/6/2022 22:19,https://nhadatvui.vn/ban-dat-xa-long-khanh-huyen-ben-cau/ban-gap-dat-dau-tu-ngay-kp1-thi-tran-ben-cau1654528789
6/6/2022 22:15,https://nhadatvui.vn/ban-dat-phuong-1-tp-tay-ninh/ban-dat-f0-sieu-re-nam-gan-khu-che-xuat-linh-trung1654528554
6/6/2022 20:50,https://nhadatvui.vn/ban-dat-phuong-vu-ninh-tp-bac-ninh/ban-lo-dat-khu-phuc-son-vu-ninh-tp-bac-ninh-dien-tich-83-7m21654523424
6/6/2022 20:07,https://nhadatvui.vn/ban-dat-xa-lien-bao-huyen-tien-du/95-lo-hoai-trung-re-dep-tiem-nang-tang-gia1654520829
6/6/2022 18:45,https://nhadatvui.vn/ban-dat-xa-hoa-thang-huyen-bac-binh/can-ban-gap-lo-dat-binh-thuan-cach-bien-1km-nam-trong-ont1654515929
6/6/2022 17:22,https://nhadatvui.vn/ban-dat-phuong-phuc-dien-quan-bac-tu-liem/ban-nha-rieng-phuc-dien-bac-tu-liem-gia-tot-nhat-khu-vuc1654510927
6/6/2022 17:16,https://nhadatvui.vn/ban-dat-xa-phan-hiep-huyen-bac-binh/ket-tien-lay-vo-can-ban-nhanh-vuon-thanh-long-150-tru-chi-280-trieu1654510613
6/6/2022 16:45,https://nhadatvui.vn/ban-dat-xa-duc-tan-huyen-mo-duc/ban-dat-du-an-kdc-bac-mo-duc-phap-ly-hoan-thien-bao-so1654508744
6/6/2022 16:37,https://nhadatvui.vn/ban-dat-thi-tran-ben-cau-huyen-ben-cau/dat-ngay-kcn-tmtc-150m2-gia-450tr-shr-full-tc1654508268
6/6/2022 16:34,https://nhadatvui.vn/ban-dat-xa-hong-thai-huyen-bac-binh/lo-dat-2-sao-gia-re-tiem-nang-so-do-cong-chung-ngay1654508092
6/6/2022 16:22,https://nhadatvui.vn/ban-dat-phuong-van-son-quan-do-son/lo-goc-duy-nhat-khu-du-lich-bien-trung-tam-quan-do-son-gia-re-chi-3-9-ty1654507323
6/6/2022 16:21,https://nhadatvui.vn/ban-dat-xa-quang-minh-thi-xa-chon-thanh/con-lo-cuoi-can-ra-gap-gia-re-vi-tri-tien-loi-de-ra-du-an-moi1654507298
6/6/2022 15:24,https://nhadatvui.vn/ban-dat-xa-ngu-phuc-huyen-kim-thanh/mo-ban-chinh-thuc-25-nen-ven-kcn-kim-thanh-hai-duong1654503895
6/6/2022 15:10,https://nhadatvui.vn/ban-dat-phuong-mai-dich-quan-cau-giay/can-ban-gap-dat-tho-cu-mat-duong-mai-dich1654503032
6/6/2022 15:03,https://nhadatvui.vn/ban-dat-phuong-thoi-hoa-thi-xa-ben-cat/ban-dat-mat-tien-dl14-p-thoi-hoa-ben-cat-binh-duong1654502600
6/6/2022 14:30,https://nhadatvui.vn/ban-dat-xa-tan-hoi-huyen-duc-trong/ban-dat-ba-cang-tan-hoi-duc-trong-10x43m-100m2-tho-cu-cach-cong-chao-thon-chi-100m1654500637
6/6/2022 14:27,https://nhadatvui.vn/ban-dat-xa-minh-thanh-huyen-dau-tieng/chinh-chu-gui-em-ban-lo-xa-minh-thanh-huyen-dau-tieng1654500428
6/6/2022 14:25,https://nhadatvui.vn/ban-dat-xa-son-long-huyen-son-hoa/co-may-manh-dat-cao-nguyen-van-hoa-can-ban-a-e-nao-can-alo-minh-nha1654500355
6/6/2022 14:00,https://nhadatvui.vn/ban-dat-xa-xuan-tay-huyen-cam-my/canh-quan-10-lo-dat-dang-ban-tai-xa-xuan-tay-cam-my1654498856
6/6/2022 13:57,https://nhadatvui.vn/ban-dat-xa-loc-duc-huyen-bao-lam/dat-nen-bao-lam-lam-dong-chon-dau-tu-an-cu-nghi-duong1654498651
6/6/2022 13:56,https://nhadatvui.vn/ban-dat-phuong-trung-my-tay-quan-12/dat-nen-chinh-chu-can-ban-gap-mat-tien-duog-to-ky1654498583
6/6/2022 12:10,https://nhadatvui.vn/ban-dat-xa-dai-bai-huyen-gia-binh/chinh-chu-can-thanh-khoan-lo-dat-vi-tri-dep-tai-xa-dai-bai-huyen-gia-binh-tinh-bac-ninh-1654492246
6/6/2022 12:03,https://nhadatvui.vn/ban-dat-phuong-binh-thuan-quan-hai-chau/-ban-dat-khu-sieu-vip-duong-2-9-ngay-cong-vien-apec-100m2-gia-chi-nhinh-11-ty1654491784
6/6/2022 11:16,https://nhadatvui.vn/ban-dat-xa-ngu-phuc-huyen-kim-thanh/ban-dat-nen-trung-tam-huyen-kim-thanh-hai-duong1654489019
6/6/2022 10:45,https://nhadatvui.vn/ban-dat-phuong-doi-can-quan-ba-dinh/ban-dat-mat-pho-285-doi-can-ba-dinh-ha-noi1654487157
6/6/2022 10:45,https://nhadatvui.vn/ban-dat-xa-loc-quang-huyen-bao-lam/chinh-chu-thanh-ly-lo-dat-gia-re-lien-he-de-biet-them-chi-tiet1654487157
6/6/2022 10:37,https://nhadatvui.vn/ban-dat-xa-tan-phuoc-huyen-dong-phu/dat-sao-ngay-kcn-chi-370tr-nen-so-hong-cong-chung-trong-ngay1654486676
6/6/2022 10:37,https://nhadatvui.vn/ban-dat-xa-tam-thanh-tp-tam-ky/manh-dat-bien-thuoc-tam-thanh-tp-tam-ky-quang-nam-1654486672
6/6/2022 10:19,https://nhadatvui.vn/ban-dat-xa-la-phu-huyen-hoai-duc/chinh-chu-ban-dat-tho-cu-30m-cach-khu-do-thi-gelenxico-le-trong-tan-ha-dong-gia-1-298tr-so-do-cc1654485570
6/6/2022 10:00,https://nhadatvui.vn/ban-dat-xa-loc-thanh-tp-bao-loc/ban-dat-tp-bao-loc-gia-chi-2-5tr-m-view-doi-sat-suoi-nam-tren-khu-dan-cu-hien-huu-1654484402
6/6/2022 9:40,https://nhadatvui.vn/ban-dat-xa-pham-van-coi-huyen-cu-chi/gia-dinh-can-ban-gap-lo-dat-mat-tien-vanh-dai-4-xa-pham-van-coi-cu-chi-dt-1933m2-gia-5-6tr-m21654483217
6/6/2022 9:29,https://nhadatvui.vn/ban-dat-xa-ngu-phuc-huyen-kim-thanh/chinh-chu-can-ban-dong-gia-khu-dat-hon-chuc-lo-ngay-sat-duong-ql17b1654482594
6/6/2022 9:19,https://nhadatvui.vn/ban-dat-thi-tran-khanh-hai-huyen-ninh-hai/ban-dat-o-do-thi-hem-ngo-sy-lien-gan-chua-phuoc-dien1654481955
6/6/2022 9:00,https://nhadatvui.vn/ban-dat-xa-loc-chau-tp-bao-loc/ban-dat-sao-co-vuon-trai-cay-view-thanh-pho-tien-ich-xung-quanh1654480856
6/6/2022 6:32,https://nhadatvui.vn/ban-dat-xa-suoi-cat-huyen-xuan-loc/ban-gap-1-sao-hai-mat-tien-ngay-gan-nui-chua-chan-gia-cuc-hap-dan1654471949
6/6/2022 6:27,https://nhadatvui.vn/ban-dat-xa-hung-loc-huyen-thong-nhat/dat-nen-full-tho-cu-mat-tien-duong-nhua-6m-ngay-gan-cho-hung-loc-dan-cu-hien-huu-gia-chi-1-ty1654471629
6/6/2022 6:19,https://nhadatvui.vn/ban-dat-xa-vinh-tan-huyen-vinh-cuu/dat-sao-vinh-tan-gan-kcn-song-may-ban-gap-1-sao-dat-cach-duong-dt-767-1km-vinh-tan-gia-1ty-1654471174
6/6/2022 6:15,https://nhadatvui.vn/ban-dat-xa-suoi-cat-huyen-xuan-loc/dat-sao-suoi-cat-xuan-loc-ban-gap-1-sao-gan-kdl-nui-chua-chan-so-hong-rieng-co-san-gia-f0-cuc-hap-dan1654470939
6/5/2022 23:23,https://nhadatvui.vn/ban-dat-xa-binh-minh-huyen-trang-bom/ban-110m2-dat-cay-lau-nam-tai-xa-binh-minh-huyen-trang-bom-tinh-dong-nai1654446217
6/5/2022 22:03,https://nhadatvui.vn/ban-dat-phuong-hiep-hoa-tp-bien-hoa/ban-dat-tho-cu-chinh-chu-67-2m2-tai-phuong-hiep-hoa1654441425
6/5/2022 15:25,https://nhadatvui.vn/ban-dat-phuong-bang-la-quan-do-son/ban-gap-65m2-dat-bang-la-do-son-hai-phong1654417542
6/5/2022 12:03,https://nhadatvui.vn/ban-dat-xa-tien-xuan-huyen-thach-that/ban-319m-full-tho-cu-tien-xuan-thach-that-cnc-hoa-lac-gia-re-1654405398
6/5/2022 10:37,https://nhadatvui.vn/ban-dat-xa-ngu-phuc-huyen-kim-thanh/chinh-chu-can-ban-dong-gia-khu-dat-hon-chuc-lo-ngay-sat-duong-ql17b-huong-di-hai-phong1654400271
6/5/2022 10:33,https://nhadatvui.vn/ban-dat-phuong-thanh-phuoc-thi-xa-tan-uyen/dat-gia-re-cho-nhu-cau-an-cu-lac-nghiep-tan-uyen-binh-duong1654400036
6/5/2022 10:15,https://nhadatvui.vn/ban-dat-xa-tien-xuan-huyen-thach-that/ban-dat-bai-dai-tien-xuan-gan-xanh-villas1654398931
6/5/2022 10:12,https://nhadatvui.vn/ban-dat-xa-dong-tien-huyen-dong-phu/dat-dau-tu-sinh-loi-cao-5x60-tho-cu-so-san1654398778
6/5/2022 9:54,https://nhadatvui.vn/ban-dat-phuong-thoi-hoa-thi-xa-ben-cat/ban-lo-dat-trong-kdc-dong-dan-o-my-phuoc-31654397669
6/5/2022 9:26,https://nhadatvui.vn/ban-dat-xa-lai-hung-huyen-bau-bang/ban-dat-tho-cu-bau-bang-binh-duong-gia-dau-tu1654396004
6/4/2022 22:10,https://nhadatvui.vn/ban-dat-xa-ninh-quang-thi-xa-ninh-hoa/ban-lo-dat-vuong-van-gan-ql1a-gia-chi-700tr-ninh-quang-ninh-hoa-khanh-hoa1654355445
6/4/2022 22:07,https://nhadatvui.vn/ban-dat-xa-dien-toan-huyen-dien-khanh/ban-lo-dat-lam-vuon-ven-thanh-pho-nha-trang-dien-khanh-dien-toan1654355255
6/4/2022 17:00,https://nhadatvui.vn/ban-dat-xa-dinh-thanh-huyen-dau-tieng/dat-dau-tieng-mat-tien-duong-dt-744-xa-dinh-thanh-dang-duoc-mo-rong-gia-tot-nhat-khu-vuc-1654336811
6/4/2022 15:37,https://nhadatvui.vn/ban-dat-xa-co-dong-thi-xa-son-tay/can-tien-cho-vk-di-nuoc-ngoai-can-ban-gap-manh-dat-full-tho-cu-tai-co-dong-son-tay-san-so-sang-ten1654331850
6/4/2022 15:34,https://nhadatvui.vn/ban-dat-xa-dien-phong-thi-xa-dien-ban/ban-dat-195m-o-xa-dien-phong-huyen-dien-ban-tinh-quang-nam1654331656
6/4/2022 14:21,https://nhadatvui.vn/ban-dat-phuong-binh-trung-tay-tp-thu-duc/can-ban-gap-dat-chinh-chu-ngang-5-3m-quan-21654327292
6/4/2022 14:07,https://nhadatvui.vn/ban-dat-phuong-hung-long-thi-xa-chon-thanh/dat-nen-du-an-vi-tri-bat-nhat-khu-vuc-chon-thanh-binh-phuoc-1654326442
6/4/2022 11:25,https://nhadatvui.vn/ban-dat-xa-hai-boi-huyen-dong-anh/ban-manh-dat-60m2-o-hai-boi-dong-anh-ha-noi1654316707
6/4/2022 11:20,https://nhadatvui.vn/ban-dat-phuong-tan-xuan-tp-dong-xoai/ban-2-lo-lien-ke-114m2-phuong-tan-xuan-cac-duong-le-quy-don-200m1654316455
6/4/2022 11:13,https://nhadatvui.vn/ban-dat-thi-tran-ben-cau-huyen-ben-cau/chinh-chu-ban-gap-dat-tho-cu-tai-trung-tam-thi-tran-ben-cau-tay-ninh1654316002
6/4/2022 10:45,https://nhadatvui.vn/ban-dat-phuong-my-xuan-thi-xa-phu-my/ban-mat-tien-quoc-lo-51-khu-dan-cu-so-hong-kinh-doanh-buon-ban1654314331
6/4/2022 10:19,https://nhadatvui.vn/ban-dat-xa-lien-bao-huyen-tien-du/lua-non-bai-uyen-gia-re-djep-tiem-nang-cbi-len-tp-bac-ninh1654312769
6/4/2022 10:17,https://nhadatvui.vn/ban-dat-phuong-hap-linh-tp-bac-ninh/dat-hap-linh-re-dep-tiem-nang-oto-vivu-so-trao-tay1654312673
6/4/2022 10:12,https://nhadatvui.vn/ban-dat-xa-trung-lap-thuong-huyen-cu-chi/chu-ban-dat-tang-vuon-trai-cay-da-toi-mua-thu-hoach-469m2-730tr-cu-chi1654312352
6/4/2022 10:03,https://nhadatvui.vn/ban-dat-phuong-phu-my-thi-xa-phu-my/ban-dat-mat-tien-kinh-doanh-khu-dan-cu-so-san-pull-tho-cu-cong-chung-ngay-tai-phuong-phu-my-tinh-ba-ria-vung-tau1654311784
6/4/2022 9:46,https://nhadatvui.vn/ban-dat-xa-xuan-truong-tp-da-lat/ban-dat-chinh-chu-xuan-son-da-lat-lam-dong1654310772
6/4/2022 9:45,https://nhadatvui.vn/ban-dat-xa-tan-phuoc-huyen-dong-phu/can-ban-1000m2-dat-lo-goc-2-mat-tien-sat-kcn-dan-dong1654310753
6/4/2022 9:44,https://nhadatvui.vn/ban-dat-xa-dien-hong-thi-xa-dien-ban/ban-dat-tai-dien-hong-quang-nam-gia-tot1654310681
6/4/2022 9:44,https://nhadatvui.vn/ban-dat-xa-song-xoai-thi-xa-phu-my/ban-6-lo-tai-song-xoai-gia-re-so-san-100m-tho-cu1654310651
6/4/2022 9:33,https://nhadatvui.vn/ban-dat-xa-nha-bich-thi-xa-chon-thanh/chinh-chu-can-ban-dat-binh-phuoc-so-san-200m2-5x40x100tc-cach-ql14-900m-gia-dau-tu-f01654310037
6/4/2022 9:30,https://nhadatvui.vn/ban-dat-xa-loc-thanh-huyen-loc-ninh/toi-can-ban-lo-dat-chinh-chu-tai-binh-phuoc-gia-cuc-ky-re1654309824
6/4/2022 9:26,https://nhadatvui.vn/ban-dat-xa-tan-hiep-huyen-phu-giao/ban-1000m2-shr-duong-o-to-gan-kcn-gia-thuong-luong1654309591
6/4/2022 9:25,https://nhadatvui.vn/ban-dat-xa-tan-binh-huyen-bac-tan-uyen/dat-so-1000m2-duong-nhua-15x70-kcn-tan-binh-gia-thuong-luong1654309527
6/4/2022 9:19,https://nhadatvui.vn/ban-dat-phuong-dien-ngoc-thi-xa-dien-ban/_-du-an-khu-dan-cu-dien-nam-dien-ngoc-_-quang-nam1654309193
6/4/2022 9:17,https://nhadatvui.vn/ban-dat-xa-cu-sue-huyen-cu-m-gar/cusue-2-mat-tien-dien-tich-10-x-25m1654309029
6/4/2022 9:09,https://nhadatvui.vn/ban-dat-xa-duc-lap-thuong-huyen-duc-hoa/ca-do-thua-can-ban-gap-85m2-dat-mt-tinh-lo-8-gia-890tr1654308593
6/4/2022 9:05,https://nhadatvui.vn/ban-dat-xa-lien-hiep-huyen-duc-trong/can-ban-gap-507m2-lien-hiep-duc-trong-cach-nhua-le-hong-phong-30m-ngay-truong-lai-lac-hong-1654308308
6/4/2022 8:56,https://nhadatvui.vn/ban-dat-xa-long-khanh-huyen-ben-cau/mat-tien-nhua-20m-so-rieng-100-tho-cu-gan-diem-cuoi-cao-toc-mb-tphcm1654307796
6/4/2022 8:39,https://nhadatvui.vn/ban-dat-xa-duc-hoa-thuong-huyen-duc-hoa/duc-hoa-long-an-ban-dat-vi-tri-mt-duong-my-hanh-tinh-lo-9-duc-hoa-thuong-1654306769
6/4/2022 8:34,https://nhadatvui.vn/ban-dat-phuong-phu-my-thi-xa-phu-my/ban-dat-mat-tien-quoc-lo-51-ngay-tai-trung-tam-phu-my-ba-ria-vung-tau1654306465
6/4/2022 8:30,https://nhadatvui.vn/ban-dat-xa-duc-lap-thuong-huyen-duc-hoa/chu-ket-tien-nen-can-ban-gap-lo-dat-doi-dien-kcn1654306210
6/4/2022 8:27,https://nhadatvui.vn/ban-dat-xa-duc-lap-thuong-huyen-duc-hoa/chinh-chu-ket-tien-ban-gap-100m2-980tr-nhua-12m1654306044
6/4/2022 7:42,https://nhadatvui.vn/ban-dat-xa-song-xoai-thi-xa-phu-my/ban-dat-gan-san-bay-gan-khu-cong-nghe-cao-1654303326
6/4/2022 6:34,https://nhadatvui.vn/ban-dat-phuong-tam-hiep-tp-bien-hoa/ban-lo-dat-duong-oto-phuong-tam-hiep-bien-hoa-130m2-gia-5-ty-700-1654299295
6/3/2022 22:33,https://nhadatvui.vn/ban-dat-xa-cu-yen-huyen-luong-son/ban-1896m2-dat-nghi-duong-cu-yen-luong-son-hoa-binh-tang-khuan-vien-gia-re-1654270412
6/3/2022 17:53,https://nhadatvui.vn/ban-dat-xa-tien-thuan-huyen-ben-cau/can-ra-gap-lo-dat-2-mat-tien-gia-chi-890tr-qua-re1654253621
6/3/2022 17:49,https://nhadatvui.vn/ban-dat-xa-phuoc-dong-huyen-go-dau/nguoi-nha-can-ban-gap-lo-dat-nam-ngay-khu-cong-nghiep1654253395
6/3/2022 17:46,https://nhadatvui.vn/ban-dat-thi-tran-hoa-thanh-huyen-hoa-thanh/dat-can-ban-ngay-lo-dat-xay-tro-ngay-khu-che-xuat-linh-trung1654253160
6/3/2022 17:41,https://nhadatvui.vn/ban-dat-thi-tran-trang-bang-huyen-trang-bang/can-ban-manh-dat-da-co-so-gia-thoa-thuan1654252893
6/3/2022 17:08,https://nhadatvui.vn/ban-dat-xa-hong-thai-huyen-bac-binh/chinh-chu-ban-gap-lo-dat-xa-hong-thai-gan-duong-lien-huyen1654250891
6/3/2022 16:51,https://nhadatvui.vn/ban-dat-xa-loc-phu-huyen-bao-lam/dat-nen-nghi-duong-view-rung-thong-nguyen-sinh1654249894
6/3/2022 16:35,https://nhadatvui.vn/ban-dat-xa-loc-khanh-huyen-loc-ninh/can-ban-gap-lo-dat-gan-tttt-loc-ninh-binh-phuoc-dien-tchs-250m-tho-cu-100m-gia-595tr1654248906
6/3/2022 16:21,https://nhadatvui.vn/ban-dat-xa-tan-dinh-huyen-bac-tan-uyen/em-co-mieng-dat-1200m2-can-ban-mat-tieng-duong-mo-rong-16m-hien-thi-tren-so-gia-chi-1tr3-m2-da-co-so-hong-rieng1654248086
6/3/2022 16:17,https://nhadatvui.vn/ban-dat-xa-phuoc-khanh-huyen-nhon-trach/ban-dat-nhon-trach-dong-nai-xa-phuoc-khanh-tiem-nang1654247865
6/3/2022 16:16,https://nhadatvui.vn/ban-dat-xa-hien-van-huyen-tien-du/ban-dat-hien-van-re-dep-duong-to-oto-tranh-nhau1654247802
6/3/2022 16:11,https://nhadatvui.vn/ban-dat-xa-lien-bao-huyen-tien-du/95-lo-hoai-trung-re-dep-tiem-nang-tang-gia1654247508
6/3/2022 16:08,https://nhadatvui.vn/ban-dat-phuong-khuc-xuyen-tp-bac-ninh/ba-dat-khuc-xuyen-tp-bn-re-dep-tiem-nang1654247338
6/3/2022 16:05,https://nhadatvui.vn/ban-dat-xa-dinh-an-huyen-dau-tieng/ban-lo-dat-dep-o-huyen-dau-tieng-binh-duong1654247140
6/3/2022 15:50,https://nhadatvui.vn/ban-dat-phuong-hoa-khe-quan-thanh-khe/sieu-pham-chi-hon-2-ti-nhinh-danh-cho-chu-dau-tu-xay-nha-lau-1654246252
6/3/2022 15:45,https://nhadatvui.vn/ban-dat-xa-tan-binh-huyen-tan-bien/dat-tay-ninh-gia-re-mat-tien-ngay-truong-hoc-so-san1654245931
6/3/2022 15:43,https://nhadatvui.vn/ban-dat-phuong-hoa-phat-quan-cam-le/ban-dat-tang-nha-co-102-danh-cho-nha-dau-tu-chi-nhinh-4-ti1654245796
6/3/2022 15:20,https://nhadatvui.vn/ban-dat-thi-tran-trang-bang-huyen-trang-bang/dat-full-tho-cu-nam-ngay-mat-tien-duong-gan-quoc-lo-221654244421
6/3/2022 15:18,https://nhadatvui.vn/ban-dat-xa-dong-tien-huyen-dong-phu/tu-600tr-so-huu-ngay-dat-tho-cu-dong-tien-dong-phu1654244282
6/3/2022 14:44,https://nhadatvui.vn/ban-dat-xa-xuan-tay-huyen-cam-my/chinh-chu-dai-duong-xanh-ra-mat-10-lo-xa-xuan-tay-cam-my-gia-f0-chua-qua-dau-tu-duong-be-tong-5m1654242291
6/3/2022 14:44,https://nhadatvui.vn/ban-dat-xa-loc-thanh-tp-bao-loc/ban-dat-sao-bao-loc-gia-chi-tu-2-5tr-m2-o-xa-loc-thanh1654242270
6/3/2022 14:20,https://nhadatvui.vn/ban-dat-xa-dien-tho-huyen-dien-khanh/ban-dat-dep-gia-mem-cach-tl2-chi-100m-dien-tho-dien-khanh-khanh-hoa1654240835
6/3/2022 14:18,https://nhadatvui.vn/ban-dat-xa-tru-van-tho-huyen-bau-bang/-khu-tai-dinh-cu-becamex-mo-ban-them-3000-nen-dat-tho-cu-gia-f0-so-san-vay-70-1654240697
6/3/2022 14:03,https://nhadatvui.vn/ban-dat-xa-my-le-huyen-can-duoc/hot-ban-dat-mat-tien-ql50-gia-chi-16tr-m21654239787
6/3/2022 13:34,https://nhadatvui.vn/ban-dat-xa-tan-hung-huyen-dong-phu/dat-nen-tan-hung-hon-quan-10x100-tho-cu-so-hong-co-san1654238085
6/3/2022 11:55,https://nhadatvui.vn/ban-dat-thi-tran-go-dau-huyen-go-dau/150m2-mat-tien-quoc-lo-22-thi-tran-go-dau-ban1654232113
6/3/2022 11:42,https://nhadatvui.vn/ban-dat-thi-tran-ben-cau-huyen-ben-cau/chinh-chu-can-ban-gap-dat-nen-mat-tien-duong-40m1654231336
6/3/2022 11:26,https://nhadatvui.vn/ban-dat-xa-duc-hoa-dong-huyen-duc-hoa/chinh-chu-can-ra-gap-lo-dat-ngay-sau-lung-ubnd-duc-hoa-dong-long-an-so-san1654230392
6/3/2022 11:06,https://nhadatvui.vn/ban-dat-phuong-minh-duc-quan-do-son/lo-dat-tiem-nang-tai-thuong-duc-minh-duc-do-son-gia-chi-600tr1654229165
6/3/2022 10:56,https://nhadatvui.vn/ban-dat-xa-loc-thanh-huyen-loc-ninh/chinh-chu-ket-tien-can-ban-lo-sao-1095m2-cach-kcn-loc-thanh-800m-1654228560
6/3/2022 10:00,https://nhadatvui.vn/ban-dat-xa-nhuan-duc-huyen-cu-chi/ket-tien-chu-can-ra-gap-cu-chi-900tr-136m21654225216
6/3/2022 9:55,https://nhadatvui.vn/ban-dat-phuong-khuc-xuyen-tp-bac-ninh/ban-dat-72m2-mat-chinh-286-gan-truong-cap-3-ly-nhan-tong1654224956
6/3/2022 9:46,https://nhadatvui.vn/ban-dat-xa-phuoc-van-huyen-can-duoc/ban-dat-tho-cu-100-100m2-850tr-so-hong-rieng1654224392
6/3/2022 9:44,https://nhadatvui.vn/ban-dat-xa-my-le-huyen-can-duoc/ban-dat-mat-tien-quoc-lo-50-so-hong-rieng1654224269
6/3/2022 9:42,https://nhadatvui.vn/ban-dat-xa-duc-hoa-dong-huyen-duc-hoa/ban-dat-giap-ranh-huyen-binh-chanh-gia-1-50-ty1654224160
6/3/2022 9:22,https://nhadatvui.vn/ban-dat-xa-tan-phuoc-huyen-dong-phu/dat-tai-dinh-cu-kcn-tan-phuoc-40ha-ngay-tao-luc-dong-phu1654222956
6/3/2022 9:18,https://nhadatvui.vn/ban-dat-xa-duc-lap-thuong-huyen-duc-hoa/ban-gap-1-lo-dat-dep-2-mt-99m2-gan-cho-duc-lap1654222695
6/3/2022 9:15,https://nhadatvui.vn/ban-dat-thi-tran-hau-nghia-huyen-duc-hoa/dat-long-an-5x28-tho-cu-mt-12m-chi-1ty350trieu1654222526
6/3/2022 8:56,https://nhadatvui.vn/ban-dat-xa-phu-my-hung-huyen-cu-chi/ban-dat-ap-phu-thuan-xa-phu-my-hung-huyen-cu-chi-tp-hcm1654221390
6/3/2022 8:39,https://nhadatvui.vn/ban-dat-phuong-tan-dong-hiep-tp-di-an/em-co-may-mieng-dat-lien-ke-1000m2-mat-tieng-duong-16m-duong-thong-thich-hop-xay-dung-xuong-nha-tro-cho-theu1654220373
6/3/2022 8:39,https://nhadatvui.vn/ban-dat-xa-n-thol-ha-huyen-duc-trong/ban-nhanh-lo-dat-6x38m-100m2-tho-cu-gia-1-2-ty-gan-ubnd-xa-va-truong-hoang-hoa-tham-n-thon-ha-duc-trong1654220342
6/3/2022 8:06,https://nhadatvui.vn/ban-dat-xa-loc-tan-huyen-bao-lam/so-huu-ngay-dat-nen-bao-loc-view-ho-tao-hong-view-doi-che-tam-chau-khu-du-lich-gia-chi-2-4tr-m21654218367
6/3/2022 6:38,https://nhadatvui.vn/ban-dat-phuong-trang-dai-tp-bien-hoa/ban-lo-dat-biet-thu-phuong-trang-dai-hon-230m2-gia-6-ty-200-1654213081
6/2/2022 21:42,https://nhadatvui.vn/ban-dat-xa-phu-cat-huyen-quoc-oai/ban-316m2-phu-cat-quoc-oai-ha-noi-gan-nha-may-in-tien-khu-cnc-hoa-lac-gia-re-hon-2-ty-1654180940
6/2/2022 17:24,https://nhadatvui.vn/ban-dat-xa-ngu-thuy-huyen-le-thuy/dat-bien-5xx-trieu-lo-phu-hop-mo-homstay-nha-hang-quan-nhau-1654165490
6/2/2022 17:20,https://nhadatvui.vn/ban-dat-xa-loc-dien-huyen-phu-loc/dat-view-bien-lung-nui-tai-phu-loc-sat-quoc-lo-1a-dat-kqh-dt-7x24-vuong-van1654165238
6/2/2022 17:11,https://nhadatvui.vn/ban-dat-xa-hoa-thang-huyen-bac-binh/ban-gap-2-mau-gia-re-thich-hop-de-dau-tu1654164676
6/2/2022 17:02,https://nhadatvui.vn/ban-dat-thi-tran-trang-bang-huyen-trang-bang/dat-nha-can-ban-mat-tien-quoc-lo-22-200m2-tho-cu1654164126
6/2/2022 16:59,https://nhadatvui.vn/ban-dat-xa-hong-thai-huyen-bac-binh/dat-bac-binh-hong-thai-can-ban-lo-dat-chinh-chu-co-so-do1654163988
6/2/2022 16:48,https://nhadatvui.vn/ban-dat-xa-hong-thai-huyen-bac-binh/dat-bac-binh-xa-binh-tan-can-ban-lo-dat-chinh-chu-co-so-do1654163327
6/2/2022 16:46,https://nhadatvui.vn/ban-dat-phuong-hoa-minh-quan-lien-chieu/gia-dinh-can-tien-ban-nhanh-lo-kep-cong-duong-dang-huy-tru-dt-217-m2-duong-7m5-gia-cuc-tot1654163170
6/2/2022 16:26,https://nhadatvui.vn/ban-dat-phuong-van-duong-tp-bac-ninh/ban-dat-van-duong-gia-re-oto-tan-noi-tiem-nang1654161993
6/2/2022 16:20,https://nhadatvui.vn/ban-dat-xa-tan-xa-huyen-thach-that/dat-hoa-lac-gan-dai-hoc-fpt-khu-cnc-tien-ich-xung-quanh1654161600
6/2/2022 15:49,https://nhadatvui.vn/ban-dat-phuong-thoi-hoa-thi-xa-ben-cat/can-ban-150m2-dat-tho-cu-gia-re-tai-kdt-my-phuoc-3-tx-ben-cat-t-binh-duong1654159776
6/2/2022 15:40,https://nhadatvui.vn/ban-dat-thi-tran-go-dau-huyen-go-dau/chi-450-trieu-da-co-duoc-lo-dat-tai-thi-tran-go-dau-dt-230m2-so-hong-san-1654159239
6/2/2022 15:25,https://nhadatvui.vn/ban-dat-xa-phuoc-dong-huyen-go-dau/ket-tien-can-ban-dat-gan-khu-cong-nghiep-phuoc-dong1654158339
6/2/2022 15:10,https://nhadatvui.vn/ban-dat-xa-dien-trung-thi-xa-dien-ban/-d-d-d-1654157417
6/2/2022 14:57,https://nhadatvui.vn/ban-dat-xa-phuoc-thanh-huyen-cu-chi/dat-tho-cu-mat-tien-duong-xa-phuoc-thanh-h-cu-chi1654156622
6/2/2022 14:42,https://nhadatvui.vn/ban-dat-phuong-thoi-hoa-thi-xa-ben-cat/ban-gap-110m2-dat-tho-cu-gia-re-tai-my-phuoc-3-tx-ben-cat-t-binh-duong1654155737
6/2/2022 14:32,https://nhadatvui.vn/ban-dat-phuong-thoi-hoa-thi-xa-ben-cat/can-ban-150m2-dat-tho-cu-gia-re-tai-kdt-my-phuoc-3-tx-ben-cat-t-binh-duong1654155155
6/2/2022 13:37,https://nhadatvui.vn/ban-dat-xa-loc-thanh-huyen-loc-ninh/ban-dat-nen-phan-lo-so-san-view-dep-cao-rao-gia-cong-nhan-1654151860
6/2/2022 13:25,https://nhadatvui.vn/ban-dat-xa-my-le-huyen-can-duoc/ban-dat-mat-tien-quoc-lo-50-so-hong-rieng1654151158
6/2/2022 11:27,https://nhadatvui.vn/ban-dat-phuong-9-tp-da-lat/dat-biet-thu-dep-vuong-no-hau-300m2-duong-nguyen-trai-p9-da-lat-gia-28-29-ti1654144034
6/2/2022 10:57,https://nhadatvui.vn/ban-dat-phuong-linh-nam-quan-hoang-mai/ban-dat-khu-vuc-thuy-linh-hoang-mai-ha-noi1654142257
6/2/2022 10:36,https://nhadatvui.vn/ban-dat-xa-long-hau-huyen-can-giuoc/ban-dat-o-gia-re-long-hau-can-giuoc-long-an1654141014
6/2/2022 10:35,https://nhadatvui.vn/ban-dat-xa-phuoc-lai-huyen-can-giuoc/ban-dat-521m2-dat-trong-cay-tai-ap-luy-xa-phuoc-lai-huyen-can-giuoc-tinh-long-an1654140948
6/2/2022 10:29,https://nhadatvui.vn/ban-dat-xa-phuoc-vinh-an-huyen-cu-chi/ban-dat-xa-phuoc-vinh-an-950tr-full-tho-so-rieng1654140553
6/2/2022 10:23,https://nhadatvui.vn/ban-dat-xa-phuoc-vinh-an-huyen-cu-chi/can-ban-lo-dat-tho-cu-o-tinh-lo-2-phuoc-vinh-an-cu-chi1654140191
6/2/2022 10:22,https://nhadatvui.vn/ban-dat-phuong-chanh-lo-tp-quang-ngai/chie-t-kha-u-3-khi-so-hu-u-lo-da-t-ma-t-tie-n-trung-tam-qua-ng-nga-i1654140143
6/2/2022 9:47,https://nhadatvui.vn/ban-dat-phuong-truong-thanh-tp-thu-duc/dat-gia-re-quan-9-duong-o-to-vivu-canh-view-song-tho-mong-1654138025
6/2/2022 9:41,https://nhadatvui.vn/ban-dat-xa-duc-hoa-ha-huyen-duc-hoa/dat-nen-doi-dien-kcn-tan-duc-187m2-gia-2-ty350-ra-so-tron-goi1654137680
6/2/2022 9:36,https://nhadatvui.vn/ban-dat-phuong-vu-ninh-tp-bac-ninh/ban-dat-khu-phuc-son-vu-ninh-tp-ninh1654137415
6/2/2022 9:35,https://nhadatvui.vn/ban-dat-xa-tan-hung-huyen-hon-quan/dat-tho-cu-so-san-khu-cong-nghiep-becamx-5x501654137304
6/2/2022 9:34,https://nhadatvui.vn/ban-dat-xa-quang-minh-thi-xa-chon-thanh/dat-chon-thanh-dau-tu-gia-f0-tinh-lo-756b-1654137261
6/2/2022 9:28,https://nhadatvui.vn/ban-dat-xa-phuong-lieu-huyen-que-vo/ban-dat-1-lo-dat-thon-do-nha-que-vo-bac-ninh1654136890
6/2/2022 9:26,https://nhadatvui.vn/ban-dat-xa-phuoc-vinh-an-huyen-cu-chi/can-ban-full-tho-cu-chinh-chu-tai-phuoc-vinh-an1654136798
6/2/2022 9:25,https://nhadatvui.vn/ban-dat-xa-duc-hoa-thuong-huyen-duc-hoa/dat-duc-hoa-long-an-100m2-900-tieu-shr-co-bot-loc1654136723
6/2/2022 9:23,https://nhadatvui.vn/ban-dat-phuong-dong-nguyen-thi-xa-tu-son/ban-dat-122m2-phuong-dong-nguyen-tu-son1654136596
6/2/2022 9:14,https://nhadatvui.vn/ban-dat-xa-tu-tra-huyen-don-duong/da-lat-pearl-dat-nen-nghi-duong-ly-tuong-vi-tri-dac-dia-dau-tu-sinh-loi1654136080
6/2/2022 9:14,https://nhadatvui.vn/ban-dat-xa-lai-hung-huyen-bau-bang/toi-can-ban-gap-lo-dat-full-tho-123-3m2-tai-tan-uyen-binh-duong1654136058
6/2/2022 9:14,https://nhadatvui.vn/ban-dat-xa-lai-hung-huyen-bau-bang/toi-can-ban-gap-lo-dat-full-tho-123-3m2-tai-tan-uyen-binh-duong1654136058
6/2/2022 8:57,https://nhadatvui.vn/ban-dat-phuong-hoa-xuan-quan-cam-le/chinh-chu-can-ban-gap-lo-dat-toa-lac-tai-lo-71-thanh-luong-5-hoa-xuan-cam-le-da-nang-1654135044
6/2/2022 8:48,https://nhadatvui.vn/ban-dat-xa-binh-my-huyen-bac-tan-uyen/can-ban-may-mieng-dat-lien-ke-1000m2-mat-duong-16m1654134503
6/2/2022 8:37,https://nhadatvui.vn/ban-dat-thi-tran-trang-bang-huyen-trang-bang/chinh-chu-can-ban-gap-2-lo-mat-tien-quoc-lo-221654133843
6/2/2022 8:32,https://nhadatvui.vn/ban-dat-thi-tran-ben-cau-huyen-ben-cau/can-ban-may-lo-f0-so-san-cong-chung-lien-1654133543
6/2/2022 8:27,https://nhadatvui.vn/ban-dat-thi-tran-go-dau-huyen-go-dau/nha-co-mieng-dat-de-danh-ban-mat-tien-quoc-lo1654133252
6/2/2022 8:25,https://nhadatvui.vn/ban-dat-phuong-phu-my-thi-xa-phu-my/ban-6-lo-dat-ngay-mat-tien-duong-quoc-lo-511654133105
6/2/2022 8:01,https://nhadatvui.vn/ban-dat-xa-loc-tan-huyen-bao-lam/bat-dong-san-bao-loc-dat-sao-so-san-cach-nga-5-dambri-700m-view-ho-view-doi-che-doi-thong1654131688
6/1/2022 22:22,https://nhadatvui.vn/ban-dat-xa-hung-thi-huyen-lac-thuy/sieu-pham-mat-duong-ho-chi-minh-mat-tien-28m-dai-29m1654096921
6/1/2022 22:15,https://nhadatvui.vn/ban-dat-xa-hung-thi-huyen-lac-thuy/mat-duong-hcm-2-lo-200m-va-250m-moi-lo-10m-mat-tien1654096549
6/1/2022 22:09,https://nhadatvui.vn/ban-dat-xa-da-phuc-huyen-yen-thuy/674m-co-400tc-ban-dat-tang-nha-2-tang-moi-xay-da-phuc-yen-thuy1654096186
6/1/2022 21:55,https://nhadatvui.vn/ban-dat-thi-tran-hang-tram-huyen-yen-thuy/dien-tich-959m2-full-tho-cu-tai-yen-thuy-hoa-binh-1654095300
6/1/2022 21:24,https://nhadatvui.vn/ban-dat-xa-da-phuc-huyen-yen-thuy/698m-full-tho-cu-2-mat-tien-da-phuc-yen-thuy1654093490
6/1/2022 21:19,https://nhadatvui.vn/ban-dat-xa-thuy-xuan-tien-huyen-chuong-my/sieu-pham-nho-xinh-gia-dep-thuy-xuan-tien-chuong-my-ha-noi1654093143
6/1/2022 19:27,https://nhadatvui.vn/ban-dat-xa-suoi-cat-huyen-cam-lam/ban-dat-suoi-cat-cam-lam-khanh-hoa-ket-tien-ban-nhanh-re-nhat-khu-vuc-ket-noi-hl39-vs-ql1a1654086441
6/1/2022 17:23,https://nhadatvui.vn/ban-dat-xa-binh-tan-huyen-bac-binh/dat-bac-binh-xa-binh-tan-can-ban-lo-dat-chinh-chu-co-so-do1654078996
6/1/2022 17:18,https://nhadatvui.vn/ban-dat-phuong-binh-tri-dong-b-quan-binh-tan/ban-dat-54m2-binh-tan-so-hong-rieng-hem-xe-ho1654078695
6/1/2022 16:26,https://nhadatvui.vn/ban-dat-xa-hong-thai-huyen-bac-binh/chinh-chu-ban-gap-lo-dat-xa-hong-thai-gan-duong-lien-huyen1654075589
6/1/2022 16:05,https://nhadatvui.vn/ban-dat-xa-hong-thai-huyen-bac-binh/lo-dat-mat-tien-duong-lien-huyen-gia-re-tiem-nang1654074356
6/1/2022 15:53,https://nhadatvui.vn/ban-dat-xa-tan-lac-huyen-bao-lam/dat-nen-tan-lac-bao-lam-gia-907tr-shr1654073617
6/1/2022 15:50,https://nhadatvui.vn/ban-dat-xa-hong-thai-huyen-bac-binh/lo-dat-mat-tien-duong-lien-huyen-co-so-do1654073407
6/1/2022 15:45,https://nhadatvui.vn/ban-dat-xa-vinh-ha-huyen-phu-vang/ban-nhanh-lo-dat-gan-truong-thcs-vinh-ha-gia-chi-5xxtr1654073155
6/1/2022 15:42,https://nhadatvui.vn/ban-dat-xa-tan-binh-tp-tay-ninh/hot-hot-hot-con-vai-lo-dat-nen-gia-cuc-re-thanh-pho-tay-ninh-1654072920
6/1/2022 15:31,https://nhadatvui.vn/ban-dat-xa-hong-thai-huyen-bac-binh/can-ban-dat-xa-hong-thai-binh-thuan-co-so-do-chinh-chu1654072276
6/1/2022 15:31,https://nhadatvui.vn/ban-dat-xa-hong-thai-huyen-bac-binh/can-ban-dat-xa-hong-thai-binh-thuan-co-so-do-chinh-chu1654072276
6/1/2022 15:30,https://nhadatvui.vn/ban-dat-xa-b-la-huyen-bao-lam/dat-sao-view-ho-doi-cu-so-san-gia-chi-1tr-m21654072254
6/1/2022 15:24,https://nhadatvui.vn/ban-dat-xa-an-phu-huyen-my-duc/chinh-chu-can-ban-nhanh-dat-tho-cu-xa-an-phu-my-duc-ha-noi-1654071851
6/1/2022 15:18,https://nhadatvui.vn/ban-dat-phuong-chanh-phu-hoa-thi-xa-ben-cat/ban-dat-ben-cat-so-hong-san-vi-tri-dep1654071525
6/1/2022 15:03,https://nhadatvui.vn/ban-dat-phuong-kim-dinh-tp-ba-ria/mat-tien-truong-cong-quyen-truc-duong-quoc-lo-51-thanh-pho-ba-ria1654070631
6/1/2022 14:52,https://nhadatvui.vn/ban-dat-xa-phuoc-vinh-an-huyen-cu-chi/no-ngan-hang-can-ra-gap-dat-tho-cu-mat-tien-nhua-12m-so-hong-rieng-cong-chung-ngay1654069922
6/1/2022 14:30,https://nhadatvui.vn/ban-dat-xa-hiep-thanh-huyen-duc-trong/chu-ket-tien-ban-gap-lo-dat-10x63m-gan-tieu-hoc-phu-thanh-hiep-thanh-duc-trong1654068646
6/1/2022 14:12,https://nhadatvui.vn/ban-dat-xa-vinh-loc-a-huyen-binh-chanh/em-can-ban-nhanh-ban-le-mieng-dat-chinh-chu-5x19-vinh-loc-a-binh-chanh-gia-mem-deo-1654067541
6/1/2022 14:09,https://nhadatvui.vn/ban-dat-phuong-binh-tri-dong-a-quan-binh-tan/can-ban-gap-can-nha-1-lau-1-tret-o-quan-binh-tan-gia-mem-so-hong-rieng-2-mat-tien-1654067348
6/1/2022 13:55,https://nhadatvui.vn/ban-dat-xa-an-phuoc-huyen-long-thanh/-chu-ngop-can-ban-dat-an-phuoc-gap-gia-dau-tu-1tyxxxx1654066501
6/1/2022 13:53,https://nhadatvui.vn/ban-dat-thi-tran-lai-uyen-huyen-bau-bang/-em-co-may-lo-dat-tai-bau-bang-dep-rong-xay-tro-va-kinh-doanh-da-nganh-nghe1654066392
6/1/2022 13:46,https://nhadatvui.vn/ban-dat-phuong-chanh-phu-hoa-thi-xa-ben-cat/can-ra-300m2-dat-full-tho-mat-tien-duong-nhua-25m-truc-duong-chinh-dan-ra-cum-kcn-my-phuoc-3-shr1654066012
6/1/2022 11:53,https://nhadatvui.vn/ban-dat-thi-tran-can-giuoc-huyen-can-giuoc/ban-dat-vuon-kem-tho-khu-trung-tam-do-thi-can-giuoc-1654059196
6/1/2022 11:31,https://nhadatvui.vn/ban-dat-phuong-dien-ngoc-thi-xa-dien-ban/-suc-nong-manh-liet-cua-sieu-du-an-dien-nam-dien-ngoc-1654057911
6/1/2022 11:25,https://nhadatvui.vn/ban-dat-xa-phuoc-lam-huyen-can-giuoc/can-giuoc-long-an-ban-lo-dat-mat-tien-dt-8351654057552
6/1/2022 11:17,https://nhadatvui.vn/ban-dat-xa-tan-lap-huyen-can-giuoc/can-giuoc-long-an-ban-lo-dat-tho-cu-so-hong-rieng-mat-tien-duong-huynh-van-nam-1654057064
6/1/2022 11:09,https://nhadatvui.vn/ban-dat-phuong-thoi-hoa-thi-xa-ben-cat/can-ban-150m2-dat-tho-cu-vi-tri-dep-gia-re-tai-khu-do-thi-my-phuoc-3-tx-ben-cat-t-binh-duong-1654056592
6/1/2022 11:06,https://nhadatvui.vn/ban-dat-thi-tran-ben-luc-huyen-ben-luc/dat-ban-full-tho-cu-ben-luc-gia-chi-8xx-trieu1654056380
6/1/2022 10:51,https://nhadatvui.vn/ban-dat-xa-truong-mit-huyen-duong-minh-chau/ban-dat-tho-cu-tai-truong-mit-duong-minh-chau-tay-ninh1654055464
6/1/2022 10:20,https://nhadatvui.vn/ban-dat-xa-minh-chau-huyen-yen-my/ban-dat-tho-cu-tai-minh-chau-yen-my-gia-re1654053659
6/1/2022 9:54,https://nhadatvui.vn/ban-dat-xa-ngu-thuy-bac-huyen-le-thuy/nhan-dat-cho-block-13-f0-lo-sat-ngay-bien-le-thuy-quang-binh-gia-dat-cho-30tr-1-lo1654052069
6/1/2022 9:52,https://nhadatvui.vn/ban-dat-xa-trung-lap-ha-huyen-cu-chi/chinh-chu-goi-dat-mat-tien-300m2-690tr-cu-chi1654051935
6/1/2022 9:48,https://nhadatvui.vn/ban-dat-phuong-thuong-cat-quan-bac-tu-liem/ban-dat-chinh-chu-muon-ban-co-so-do1654051706
6/1/2022 9:43,https://nhadatvui.vn/ban-dat-phuong-thoi-hoa-thi-xa-ben-cat/ket-von-kinh-doanh-can-ra-gap-150m2-dat-full-tho-cu-ngay-khu-j-dan-dong-shr-kdt-my-phuoc-31654051424
6/1/2022 9:29,https://nhadatvui.vn/ban-dat-xa-binh-tu-huyen-thang-binh/hot-chi-1-3-ty-so-huu-ngay-dat-mat-tien-33m-ngay-cho-trung-tam-thang-binh-cach-quoc-lo-1a-30-met-1654050553
6/1/2022 9:26,https://nhadatvui.vn/ban-dat-xa-phuoc-van-huyen-can-duoc/chinh-chu-can-ban-gap-2-lo-dat-100-125m2-full-tho1654050403
6/1/2022 9:23,https://nhadatvui.vn/ban-dat-xa-binh-tu-huyen-thang-binh/chi-tu-18-19-trieu-m2-so-huu-ngay-lo-dat-vang-tai-vi-tri-duong-quoc-lo-1a1654050218
6/1/2022 9:10,https://nhadatvui.vn/ban-dat-phuong-an-binh-tp-di-an/dat-chinh-chu-so-san-350m2-gia-chi-co-399tr1654049446
6/1/2022 8:57,https://nhadatvui.vn/ban-dat-xa-van-hoa-huyen-ba-vi/dat-ba-vi-hai-mat-tien-nghi-duong-tai-xa-van-hoa1654048648
6/1/2022 8:55,https://nhadatvui.vn/ban-dat-xa-phu-hoa-dong-huyen-cu-chi/ban-gap-479m2-dat-mat-tien-duong-nhua-ke-ben-truong-cap-3-phu-hoa-dong1654048503
6/1/2022 8:54,https://nhadatvui.vn/ban-dat-xa-long-cang-huyen-can-duoc/ban-dat-ngay-mat-tien-vanh-dai-4-5x25-1654048467
6/1/2022 8:49,https://nhadatvui.vn/ban-dat-xa-phuoc-van-huyen-can-duoc/ban-dat-mat-tien-doi-dien-uy-ban-nhan-dan-125m21654048168
6/1/2022 8:41,https://nhadatvui.vn/ban-dat-xa-dai-dong-huyen-dai-loc/can-ban-gap-dat-kdc-dai-dong-chi-voi-700-trieu1654047663
6/1/2022 8:38,https://nhadatvui.vn/ban-dat-thi-tran-ben-cau-huyen-ben-cau/chinh-chu-can-ban-2-lo-mat-tien-nam-ngay-trung-tam-thi-tran-ben-cau-1654047481
6/1/2022 8:33,https://nhadatvui.vn/ban-dat-xa-tan-quan-huyen-hon-quan/chinh-chu-can-ban-lo-dat-vua-tach-cua-gia-dinh-gia-lien-he1654047222
6/1/2022 8:31,https://nhadatvui.vn/ban-dat-xa-loc-thanh-tp-bao-loc/ban-dat-sao-bao-loc-gia-re-chi-2-5tr-m2-gan-khu-dan-cu1654047100
6/1/2022 8:21,https://nhadatvui.vn/ban-dat-thi-tran-go-dau-huyen-go-dau/can-ban-may-lo-dat-f0-full-tho-cu-tai-tay-ninh1654046509
6/1/2022 8:12,https://nhadatvui.vn/ban-dat-thi-tran-di-linh-huyen-di-linh/ban-dat-tho-cu-11x33-7-trung-tam-thi-tran-di-linh-lam-dong1654045966
6/1/2022 8:05,https://nhadatvui.vn/ban-dat-phuong-my-an-quan-ngu-hanh-son/ban-dat-kiet-6m-an-thuong-24-thong-nguyen-van-thoai-chau-thi-vinh-te1654045513
6/1/2022 8:02,https://nhadatvui.vn/ban-dat-xa-gung-re-huyen-di-linh/ban-dat-nong-nghiep-thi-tran-di-linh-lam-dong-3500m2-gia-2-1-ty1654045338
6/1/2022 7:27,https://nhadatvui.vn/ban-dat-phuong-ngoc-khanh-quan-ba-dinh/sieu-pham-nha-mat-ngo-pho-ngoc-khanh-40m2-5-tang-5m-ra-mat-duong-1654043275
5/31/2022 21:03,https://nhadatvui.vn/ban-dat-phuong-linh-trung-tp-thu-duc/sot-lo-dat-dep-duong-7m-sat-le-van-chi-gan-ga-metro-nga-tu-thu-duc-67m2-full-tho-gia-tot-xd-hoan-cong-ngay-1654005795
5/31/2022 19:29,https://nhadatvui.vn/ban-dat-phuong-phu-tan-tp-thu-dau-mot/ban-190m2-dat-tp-moi-binh-duong-full-tho-cu-thuoc-p-phu-tan1654000199
5/31/2022 15:30,https://nhadatvui.vn/ban-dat-phuong-dien-ngoc-thi-xa-dien-ban/-suc-nong-manh-liet-cua-sieu-du-an-dien-nam-dien-ngoc-1653985811
5/31/2022 15:23,https://nhadatvui.vn/ban-dat-xa-duc-hoa-thuong-huyen-duc-hoa/duc-hoa-tim-dau-ra-du-an-thu-2-gia-chi-450-trieu-nen1653985384
5/31/2022 15:12,https://nhadatvui.vn/ban-dat-xa-binh-tu-huyen-thang-binh/dat-quoc-lo-1a-binh-tu-thang-binh-quang-nam1653984760
5/31/2022 14:48,https://nhadatvui.vn/ban-dat-xa-loc-an-huyen-long-thanh/ban-dat-xay-day-tro-ngay-khu-dan-cu-loc-an-dong-nai1653983294
5/31/2022 14:19,https://nhadatvui.vn/ban-dat-xa-phu-my-hung-huyen-cu-chi/chinh-chu-can-tien-ban-gap-dat-cu-chi-190m2-720tr1653981546
